year,price,d12,e12,ret,retx,aaa,baa,lty,ltr,corpr,tbl,rfree,d/p,d/y,e/p,d/e,b/m,tms,dfy,dfr,infl,eqis,ntis,svar,cay,i/k,csp,pce,vp,impvar,vrp,govik,lzrt,skew,crdstd,ogap,wtexas,accrul,cfacc,sntm,ndrbl,skvw,tail,fbm,dtoy,dtoat,ygap,rdsp,rsvix,gpce,gip,tchi,house,avgcor,shtint,disag,date,date_m,price_m,d12_m,e12_m,ret_decimal,rfree_m,dfy_m,tbl_m,tms_m,ntis_m,dp,ge,gm,gs,ms,r_log,dp_annual,ge_annual,m_annual,gm_annual,ret_lead
1871,4.74,0.26,0.4,,,,,,,,,0.04961,0.054852,0.056034,0.084388,0.65,,,,,,,,,,,,,,,,,,,,,,,,,,,,,,,,,,,,,,,,,1871-12-31,1871-12-31,4.74,0.26,0.4,0.12282452743985513,0.0045917272727272725,,,,,0.004560611307641576,0.0,0.06538275926285195,,,,0.004560611307641576,,11.85,,
1872,5.07,0.3,0.43,,,,,,,,,0.074134,0.059172,0.060606,0.084813,0.697674,,,,,,,,,,,,,,,,,,,,,,,,,,,,,,,,,,,,,,,,,1872-12-31,1872-12-31,5.07,0.3,0.43,0.13110873905197318,0.0059555833333333336,,,,,0.004918849071596339,0.07232066157962608,-0.005016979683519266,,,,0.004918849071596339,0.07232066157962608,11.790697674418606,-0.005016979683519266,
1873,4.42,0.33,0.46,,,,,,,,,0.091715,0.074661,0.081683,0.104072,0.717391,,,,,,,,,,,,,,,,,,,,,,,,,,,,,,,,,,,,,,,,,1873-12-31,1873-12-31,4.42,0.33,0.46,-0.06850522049639211,0.007310333333333333,,,,,0.0062024444682464,0.06744128079553269,-0.20464240230901784,,,,0.0062024444682464,0.06744128079553269,9.608695652173912,-0.20464240230901784,
1874,4.54,0.33,0.46,,,,,,,,,0.058314,0.072687,0.07221,0.101322,0.717391,,,,,,,,,,,,,,,,,,,,,,,,,,,,,,,,,,,,,,,,,1874-12-31,1874-12-31,4.54,0.33,0.46,0.10386570312347006,0.00428725,,,,,0.006038997216768112,0.0,0.026787315963649982,,,,0.006038997216768112,0.0,9.869565217391305,0.026787315963649982,
1875,4.37,0.3,0.36,,,,,,,,,0.045897,0.06865,0.06865,0.08238,0.833333,,,,,,,,,,,,,,,,,,,,,,,,,,,,,,,,,,,,,,,,,1875-12-31,1875-12-31,4.37,0.3,0.36,0.03269874631649505,0.0036200833333333332,,,,,0.005704522029641537,-0.2451224580329851,0.20695845508722716,,,,0.005704522029641537,-0.2451224580329851,12.13888888888889,0.20695845508722716,
1876,3.58,0.3,0.28,,,,,,,,,0.043973,0.083799,0.083333,0.078212,1.071429,,,,,,,,,,,,,,,,,,,,,,,,,,,,,,,,,,,,,,,,,1876-12-31,1876-12-31,3.58,0.3,0.28,-0.11769118706874944,0.0034731666666666665,,,,,0.00695897032430346,-0.25131442828090594,0.05191421958601614,,,,0.00695897032430346,-0.25131442828090594,12.785714285714285,0.05191421958601614,
1877,3.25,0.19,0.3,,,,,,,,,0.042278,0.058462,0.058282,0.092308,0.633333,,,,,,,,,,,,,,,,,,,,,,,,,,,,,,,,,,,,,,,,,1877-12-31,1877-12-31,3.25,0.19,0.3,-0.019706397807868245,0.0034775,,,,,0.004859966081893665,0.06899287148695142,-0.1657006755579141,,,,0.004859966081893665,0.06899287148695142,10.833333333333334,-0.1657006755579141,
1878,3.45,0.18,0.31,,,,,,,,,0.038657,0.052174,0.051873,0.089855,0.580645,,,,,,,,,,,,,,,,,,,,,,,,,,,,,,,,,,,,,,,,,1878-12-31,1878-12-31,3.45,0.18,0.31,0.1210122105974811,0.0032185000000000004,,,,,0.0043384015985981645,0.03278982282299097,0.026929411878631328,,,,0.0043384015985981645,0.03278982282299097,11.129032258064516,0.026929411878631328,
1879,4.92,0.2,0.38,,,,,,,,,0.040892,0.04065,0.040568,0.077236,0.526316,,,,,,,,,,,,,,,,,,,,,,,,,,,,,,,,,,,,,,,,,1879-12-31,1879-12-31,4.92,0.2,0.38,0.4941033513185443,0.0033186666666666664,,,,,0.0033818091073809773,0.20359895524123955,0.1513353442197089,,,,0.0033818091073809773,0.20359895524123955,12.947368421052632,0.1513353442197089,
1880,5.84,0.26,0.49,,,,,,,,,0.043404,0.044521,0.046346,0.083904,0.530612,,,,,,,,,,,,,,,,,,,,,,,,,,,,,,,,,,,,,,,,,1880-12-31,1880-12-31,5.84,0.26,0.49,0.24111470210297134,0.0034927499999999998,,,,,0.003703180417700397,0.25423413838424086,-0.08281187204832183,,,,0.003703180417700397,0.25423413838424086,11.918367346938776,-0.08281187204832183,
1881,6.01,0.32,0.44,,,,,,,,,0.042232,0.053245,0.051696,0.073211,0.727273,,,,,,,,,,,,,,,,,,,,,,,,,,,,,,,,,,,,,,,,,1881-12-31,1881-12-31,6.01,0.32,0.44,0.07833240788874773,0.003459583333333333,,,,,0.004427234680096111,-0.10763066419236544,0.13632461589934577,,,,0.004427234680096111,-0.10763066419236544,13.659090909090908,0.13632461589934577,
1882,5.84,0.32,0.43,,,,,,,,,0.049152,0.054795,0.055077,0.07363,0.744186,,,,,,,,,,,,,,,,,,,,,,,,,,,,,,,,,,,,,,,,,1882-12-31,1882-12-31,5.84,0.32,0.43,0.025795114308316512,0.0038261666666666665,,,,,0.004555816535860718,-0.02298951822469872,-0.005704433482281772,,,,0.004555816535860718,-0.02298951822469872,13.581395348837209,-0.005704433482281772,
1883,5.34,0.33,0.4,,,,,,,,,0.049154,0.061798,0.06044,0.074906,0.825,,,,,,,,,,,,,,,,,,,,,,,,,,,,,,,,,,,,,,,,,1883-12-31,1883-12-31,5.34,0.33,0.4,-0.031313103132526866,0.00381375,,,,,0.005136597798695571,-0.07232066157962601,-0.017184482288406078,,,,0.005136597798695571,-0.07232066157962601,13.35,-0.017184482288406078,
1884,4.34,0.31,0.31,,,,,,,,,0.043679,0.071429,0.071264,0.071429,1.0,,,,,,,,,,,,,,,,,,,,,,,,,,,,,,,,,,,,,,,,,1884-12-31,1884-12-31,4.34,0.31,0.31,-0.13057732052281457,0.003509333333333333,,,,,0.005934735519814548,-0.25489224962879015,0.04754094476900019,,,,0.005934735519814548,-0.25489224962879015,14.0,0.04754094476900019,
1885,5.2,0.24,0.27,,,,,,,,,0.033202,0.046154,0.045802,0.051923,0.888889,,,,,,,,0.023739,,,,,,,,,,,,,,,,,,,,,,,,,,,,,,,,,1885-12-31,1885-12-31,5.2,0.24,0.27,0.27175808234366705,0.0026667500000000003,,,,,0.00383877630716568,-0.13815033848081704,0.3189346159558853,,,,0.00383877630716568,-0.13815033848081704,19.25925925925926,0.3189346159558853,
1886,5.64,0.22,0.33,,,,,,,,,0.036061,0.039007,0.037997,0.058511,0.666667,,,,,,,,0.016459,,,,,,,,,,,,,,,,,,,,,,,,,,,,,,,,,1886-12-31,1886-12-31,5.64,0.22,0.33,0.1319958433607419,0.0030622500000000003,,,,,0.0032453192666826044,0.20067069546215105,-0.11944525553956539,,,,0.0032453192666826044,0.20067069546215105,17.09090909090909,-0.11944525553956539,
1887,5.27,0.25,0.36,,,,,,,,,0.048302,0.047438,0.04717,0.068311,0.694444,,,,,,,,0.018298,,,,,,,,,,,,,,,,,,,,,,,,,,,,,,,,,1887-12-31,1887-12-31,5.27,0.25,0.36,-0.024822317724214386,0.0038801666666666667,,,,,0.003945400841087273,0.0870113769896297,-0.15486507994632637,,,,0.003945400841087273,0.0870113769896297,14.638888888888888,-0.15486507994632637,
1888,5.14,0.23,0.26,,,,,,,,,0.042261,0.044747,0.043893,0.050584,0.884615,,,,,,,,0.012851,,,,,,,,,,,,,,,,,,,,,,,,,,,,,,,,,1888-12-31,1888-12-31,5.14,0.23,0.26,0.02113611410396271,0.003309583333333333,,,,,0.0037219882760667154,-0.32542240043462783,0.3004451173484307,,,,0.0037219882760667154,-0.32542240043462783,19.769230769230766,0.3004451173484307,
1889,5.32,0.22,0.3,,,,,,,,,0.037429,0.041353,0.041121,0.056391,0.733333,,,,,,,,0.006874,,,,,,,,,,,,,,,,,,,,,,,,,,,,,,,,,1889-12-31,1889-12-31,5.32,0.22,0.3,0.0795580309992118,0.0031588333333333334,,,,,0.003440191039458759,0.14310084364067324,-0.1086806197541939,,,,0.003440191039458759,0.14310084364067324,17.733333333333334,-0.1086806197541939,
1890,4.6,0.22,0.29,,,,,,,,,0.045899,0.047826,0.046709,0.063043,0.758621,,,,,,,,0.022621,,,,,,,,,,,,,,,,,,,,,,,,,,,,,,,,,1890-12-31,1890-12-31,4.6,0.22,0.29,-0.09839987599879747,0.0037091666666666666,,,,,0.00397758615178273,-0.03390155167568134,-0.11151544818282236,-0.016079181206373104,-0.012101595054590374,,0.00397758615178273,-0.03390155167568134,15.862068965517242,-0.11151544818282236,
1891,5.41,0.22,0.34,,,,,,,,,0.049378,0.040665,0.041905,0.062847,0.647059,,,,,,,,0.016124,,,,,,,,,,,,,,,,,,,,,,,,,,,,,,,,,1891-12-31,1891-12-31,5.41,0.22,0.34,0.22869000502643366,0.0037683333333333336,,,,,0.0033830572016969687,0.15906469462968748,0.0031280947336532715,-0.00812594647488873,-0.004742889273191761,,0.0033830572016969687,0.15906469462968748,15.911764705882351,0.0031280947336532715,
1892,5.51,0.24,0.37,,,,,,,,,0.03252,0.043557,0.043088,0.067151,0.648649,,,,,,,,0.010886,,,,,,,,,,,,,,,,,,,,,,,,,,,,,,,,,1892-12-31,1892-12-31,5.51,0.24,0.37,0.06166314978154084,0.002633083333333333,,,,,0.0036231923694203115,0.08455738802806297,-0.06624185772163006,-0.0075141101524668855,-0.003890917783046574,,0.0036231923694203115,0.08455738802806297,14.891891891891891,-0.06624185772163006,
1893,4.41,0.25,0.26,,,,,,,,,0.061334,0.056689,0.054705,0.058957,0.961538,,,,,,,,0.054584,,,,,,,,,,,,,,,,,,,,,,,,,,,,,,,,,1893-12-31,1893-12-31,4.41,0.25,0.26,-0.15700042755035823,0.004763916666666667,,,,,0.004712988269492179,-0.3528213746227423,0.13013144091667395,-0.028527242923380637,-0.023814254653888457,,0.004712988269492179,-0.3528213746227423,16.96153846153846,0.13013144091667395,
1894,4.3,0.21,0.16,,,,,,,,,0.024408,0.048837,0.048387,0.037209,1.3125,,,,,,,,0.016739,,,,,,,,,,,,,,,,,,,,,,,,,,,,,,,,,1894-12-31,1894-12-31,4.3,0.21,0.16,0.027043420844448177,0.0019338333333333334,,,,,0.004061508339179875,-0.48550781578170077,0.46024814902246297,-0.05280263371246567,-0.048741125373285794,,0.004061508339179875,-0.48550781578170077,26.875,0.46024814902246297,
1895,4.32,0.19,0.25,,,,,,,,,0.025668,0.043981,0.041394,0.05787,0.76,,,,,,,,0.02869,,,,,,,,,,,,,,,,,,,,,,,,,,,,,,,,,1895-12-31,1895-12-31,4.32,0.19,0.25,0.049938406749560627,0.002235833333333333,,,,,0.0036584232581928894,0.44628710262841953,-0.4416467230719172,-0.01823215567939544,-0.01457373242120255,,0.0036584232581928894,0.44628710262841953,17.28,-0.4416467230719172,
1896,4.22,0.18,0.21,,,,,,,,,0.046288,0.042654,0.041096,0.049763,0.857143,,,,,,,,0.046433,,,,,,,,,,,,,,,,,,,,,,,,,,,,,,,,,1896-12-31,1896-12-31,4.22,0.18,0.21,0.020387671177545225,0.003986583333333333,,,,,0.0035482000560972784,-0.1743533871447778,0.15093311293667916,-0.014384103622589035,-0.010835903566491757,,0.0035482000560972784,-0.1743533871447778,20.095238095238095,0.15093311293667916,
1897,4.75,0.18,0.31,,,,,,,,,0.027567,0.037895,0.03871,0.065263,0.580645,,,,,,,,0.022752,,,,,,,,,,,,,,,,,,,,,,,,,,,,,,,,,1897-12-31,1897-12-31,4.75,0.18,0.31,0.17219297275952794,0.0022431666666666667,,,,,0.0031529190596155934,0.3894647667617233,-0.27115527676309387,0.0016394911411495572,0.004792410200765151,,0.0031529190596155934,0.3894647667617233,15.32258064516129,-0.27115527676309387,
1898,5.65,0.2,0.35,,,,,,,,,0.030143,0.035398,0.037594,0.061947,0.571429,,,,,,,,0.032424,,,,,,,,,,,,,,,,,,,,,,,,,,,,,,,,,1898-12-31,1898-12-31,5.65,0.2,0.35,0.23527214175377067,0.0024805833333333333,,,,,0.002945510229756813,0.12136085700426734,0.05215007010753255,0.006068042850213376,0.009013553079970189,,0.002945510229756813,0.12136085700426734,16.142857142857146,0.05215007010753255,
1899,6.02,0.21,0.48,,,,,,,,,0.029507,0.034884,0.032508,0.079734,0.4375,,,,,,,,0.027097,,,,,,,,,,,,,,,,,,,,,,,,,,,,,,,,,1899-12-31,1899-12-31,6.02,0.21,0.48,0.10083902261478254,0.0025297500000000003,,,,,0.002902759657961405,0.31585294941847725,-0.25242123525609733,0.011680742559075261,0.014583502217036666,,0.002902759657961405,0.31585294941847725,12.541666666666666,-0.25242123525609733,
1900,6.87,0.3,0.48,,,,,,,,,0.037767,0.043668,0.046296,0.069869,0.625,,,,,,,,0.01716,,,,,,,,,,,,,,,,,,,,,,,,,,,,,,,,,1900-12-31,1900-12-31,6.87,0.3,0.48,0.19022667765547424,0.002943583333333333,,,,,0.0036324050110071626,0.0,0.1320768469135284,-0.0010309643601367825,0.00260144065087038,,0.0036324050110071626,0.0,14.3125,0.1320768469135284,
1901,7.95,0.32,0.5,,,,,,,,,0.034588,0.040252,0.039604,0.062893,0.64,,,,,,,,0.037293,,,,,,,,,,,,,,,,,,,,,,,,,,,,,,,,,1901-12-31,1901-12-31,7.95,0.32,0.5,0.20399985802714335,0.00278875,,,,,0.0033486845859317313,0.0408219945202552,0.10518582791172748,0.00639166857549425,0.00974035316142598,,0.0033486845859317313,0.0408219945202552,15.9,0.10518582791172748,
1902,8.05,0.33,0.63,,,,,,,,,0.039023,0.040994,0.040049,0.078261,0.52381,,,,,,,,0.013393,,,,,,,,,,,,,,,,,,,,,,,,,,,,,,,,,1902-12-31,1902-12-31,8.05,0.33,0.63,0.05246347826886128,0.0032055,,,,,0.0034103272860442663,0.23111172096338664,-0.2186115581991551,0.019096730534898517,0.022507057820942783,,0.0034103272860442663,0.23111172096338664,12.777777777777779,-0.2186115581991551,
1903,6.57,0.35,0.53,,,,,,,,,0.046701,0.053272,0.055732,0.08067,0.660377,,,,,,,,0.024746,,,,,,,,,,,,,,,,,,,,,,,,,,,,,,,,,1903-12-31,1903-12-31,6.57,0.35,0.53,-0.14389480443921482,0.0036865,,,,,0.004429545937801662,-0.17284281283941083,-0.03031544609454208,0.014070622971909277,0.01850016890971094,,0.004429545937801662,-0.17284281283941083,12.39622641509434,-0.03031544609454208,
1904,8.25,0.31,0.49,,,,,,,,,0.037016,0.037576,0.037944,0.059394,0.632653,,,,,,,,0.012669,,,,,,,,,,,,,,,,,,,,,,,,,,,,,,,,,1904-12-31,1904-12-31,8.25,0.31,0.49,0.31608586293789415,0.002839,,,,,0.00312642078067726,-0.07847161544149532,0.3061709832915658,0.022891654681274017,0.026018075461951277,,0.00312642078067726,-0.07847161544149532,16.836734693877553,0.3061709832915658,
1905,9.54,0.33,0.67,,,,,,,,,0.033,0.034591,0.035446,0.070231,0.492537,,,,,,,,0.015637,,,,,,,,,,,,,,,,,,,,,,,,,,,,,,,,,1905-12-31,1905-12-31,9.54,0.33,0.67,0.19837225410310635,0.002793083333333333,,,,,0.002878452857525117,0.3128723212803396,-0.16759203616673418,0.045442787669331845,0.04832124052685696,,0.002878452857525117,0.3128723212803396,14.23880597014925,-0.16759203616673418,
1906,9.84,0.4,0.76,,,,,,,,,0.04718,0.04065,0.040282,0.077236,0.526316,,,,,,,,0.017092,,,,,,,,,,,,,,,,,,,,,,,,,,,,,,,,,1906-12-31,1906-12-31,9.84,0.4,0.76,0.07160840335031042,0.0038034166666666668,,,,,0.0033818091073809773,0.12604072089536497,-0.09507849529139785,0.04171128894099255,0.045093098048373526,,0.0033818091073809773,0.12604072089536497,12.947368421052632,-0.09507849529139785,
1907,6.57,0.44,0.66,,,,,,,,,0.051266,0.066971,0.0704,0.100457,0.666667,,,,,,,,0.047979,,,,,,,,,,,,,,,,,,,,,,,,,,,,,,,,,1907-12-31,1907-12-31,6.57,0.44,0.66,-0.29477527905305195,0.0042229166666666665,,,,,0.005565407737213096,-0.14107859825990549,-0.2628632803077373,0.030306790178515786,0.03587219791572888,,0.005565407737213096,-0.14107859825990549,9.954545454545455,-0.2628632803077373,
1908,9.03,0.4,0.58,,,,,,,,,0.042991,0.044297,0.0453,0.06423,0.689655,,,,,,,,0.020052,,,,,,,,,,,,,,,,,,,,,,,,,,,,,,,,,1908-12-31,1908-12-31,9.03,0.4,0.58,0.4511561376380235,0.0031109999999999996,,,,,0.0036846025473756027,-0.12921173148000634,0.44725026641238097,0.040117323626246856,0.04380192617362246,,0.0036846025473756027,-0.12921173148000634,15.568965517241379,0.44725026641238097,
1909,10.3,0.44,0.76,,,,,,,,,0.028697,0.042718,0.043222,0.073786,0.578947,,,,,,,,0.010035,,,,,,,,,,,,,,,,,,,,,,,,,,,,,,,,,1909-12-31,1909-12-31,10.3,0.44,0.76,0.19124557485401586,0.0024971666666666666,,,,,0.003553549208657797,0.27029032973991185,-0.1386988019332156,0.04647679793120879,0.050030347139866586,,0.003553549208657797,0.27029032973991185,13.55263157894737,-0.1386988019332156,
1910,9.05,0.47,0.73,,,,,,,,,0.040689,0.051934,0.050483,0.080663,0.643836,,,,,,,,0.018908,,,,,,,,,,,,,,,,,,,,,,,,,,,,,,,,,1910-12-31,1910-12-31,9.05,0.47,0.73,-0.0773935667920037,0.0033673333333333333,,,,,0.004318470440816481,-0.04027389913793996,-0.08910523838581534,0.046158180558095854,0.05047665099891233,,0.004318470440816481,-0.04027389913793996,12.397260273972604,-0.08910523838581534,
1911,9.11,0.47,0.59,,,,,,,,,0.033204,0.051592,0.051819,0.064764,0.79661,,,,,,,,0.007784,,,,,,,,,,,,,,,,,,,,,,,,,,,,,,,,,1911-12-31,1911-12-31,9.11,0.47,0.59,0.05913049622232008,0.0026133333333333334,,,,,0.0042900891867737705,-0.21292199724267166,0.2195299508027039,0.027558845964477906,0.03184893515125167,,0.0042900891867737705,-0.21292199724267166,15.440677966101696,0.2195299508027039,
1912,9.38,0.48,0.7,,,,,,,,,0.036837,0.051173,0.049332,0.074627,0.685714,,,,,,,,0.006454,,,,,,,,,,,,,,,,,,,,,,,,,,,,,,,,,1912-12-31,1912-12-31,9.38,0.48,0.7,0.08219996776581774,0.0030535833333333335,,,,,0.004255325570138384,0.17095779814363948,-0.1417507463973731,0.03187886647025673,0.03613419204039511,,0.004255325570138384,0.17095779814363948,13.400000000000002,-0.1417507463973731,
1913,8.04,0.48,0.63,,,,,,,,,0.048444,0.059701,0.059627,0.078358,0.761905,,,,,,,,0.010675,,,,,,,,,,,,,,,,,,,,,,,,,,,,,,,,,1913-12-31,1913-12-31,8.04,0.48,0.63,-0.09312687746489016,0.0037774166666666668,,,,,0.00496278934212901,-0.10536051565782628,-0.04879016416943229,0.04425190941850253,0.04921469876063154,,0.00496278934212901,-0.10536051565782628,12.761904761904761,-0.04879016416943229,
1914,7.35,0.42,0.52,,,,,,,,,0.040743,0.057143,0.054688,0.070748,0.807692,,,,,0.01,,,0.011601,,,,,,,,,,,,,,,,,,,,,,,,,,,,,,,,,1914-12-31,1914-12-31,7.35,0.42,0.52,-0.032963240069462295,0.003256,,,,,0.004750602758597815,-0.19189100781010526,0.10216223784397557,0.05893274981708231,0.06368335257568013,,0.004750602758597815,-0.19189100781010526,14.134615384615383,0.10216223784397557,
1915,9.48,0.43,0.88,,,,,,,,,0.028425,0.045359,0.045455,0.092827,0.488636,,,,,0.019802,,,0.019105,,,,,,,,,,,,,,,,,,,,,,,,,,,,,,,,,1915-12-31,1915-12-31,9.48,0.43,0.88,0.35788282392716786,0.0022611666666666665,,,,,0.003772761658625924,0.5260930958967791,-0.27160909285459384,0.06292304948050029,0.0666958111391262,,0.003772761658625924,0.5260930958967791,10.772727272727273,-0.27160909285459384,
1916,9.8,0.56,1.53,,,,,,,,,0.025152,0.057143,0.054848,0.156122,0.366013,,,,,0.126214,,,0.017832,,,,,,,,,,,,,,,,,,,,,,,,,,,,,,,,,1916-12-31,1916-12-31,9.8,0.56,1.53,0.08969610799416709,0.0021148333333333336,,,,,0.004750602758597815,0.5531011069142291,-0.5199030375046332,0.09929577418345063,0.10404637694204845,,0.004750602758597815,0.5531011069142291,6.405228758169935,-0.5199030375046332,
1917,6.8,0.69,1.28,,,,,,,,,0.036474,0.101471,0.098011,0.188235,0.539063,,,,,0.181034,,,0.035562,,,,,,,,,,,,,,,,,,,,,,,,,,,,,,,,,1917-12-31,1917-12-31,6.8,0.69,1.28,-0.25188581208278427,0.0030371666666666667,,,,,0.008420331647560229,-0.17840765747281825,-0.187052116021647,0.07090215297172356,0.07932248461928379,,0.008420331647560229,-0.17840765747281825,5.3125,-0.187052116021647,
1918,7.9,0.57,0.99,,,,,,,,,0.048008,0.072152,0.07072,0.125316,0.575758,,,,,0.20438,,,0.015361,,,,,,,,,,,,,,,,,,,,,,,,,,,,,,,,,1918-12-31,1918-12-31,7.9,0.57,0.99,0.262116888532613,0.003949833333333334,,,,,0.005994654329844907,-0.2569104137850272,0.40685056107594203,0.051988589432258835,0.057983243762103745,,0.005994654329844907,-0.2569104137850272,7.97979797979798,0.40685056107594203,
1919,8.92,0.53,0.93,,,0.0573,0.0777,0.049,,,,0.045351,0.059417,0.057671,0.10426,0.569892,,,0.0204,,0.145455,,,0.024541,,,,,,,,,,,,,,,,,,,,,,,,,,,,,,,,,1919-12-31,1919-12-31,8.92,0.53,0.93,0.20205685613791086,0.003635666666666667,0.017575,,,,0.004939202063995752,-0.06252035698133393,0.18395354410027592,0.033069924112268265,0.038009126176264015,,0.004939202063995752,-0.06252035698133393,9.591397849462364,0.18395354410027592,
1920,6.81,0.51,0.8,,,0.0626,0.0856,0.054,,,0.0588,0.053759,0.07489,0.068182,0.117474,0.6375,,-0.0048,0.023,,0.026455,,,0.033408,,,,,,,,,,,,,,,,,,,,,,,,,,,,,,,,,1920-12-31,1920-12-31,6.81,0.51,0.8,-0.18514565215216622,0.00444275,0.020833333333333332,0.054233333333333335,-0.0010416666666666667,,0.006221429033382806,-0.15057285847937432,-0.11933096795112268,0.025541281188299552,0.03176271022168236,,0.006221429033382806,-0.15057285847937432,8.5125,-0.11933096795112268,
1921,7.31,0.46,0.29,,,0.055,0.0761,0.0447,,,0.039,0.05354,0.062927,0.065156,0.039672,1.586207,0.596535,0.0057,0.0211,,-0.108247,,,0.019019,,,,,,,,,,,,,,,,,,,,,,,,,,,,,,,,,1921-12-31,1921-12-31,7.31,0.46,0.29,0.15161466410360927,0.004160916666666666,0.023841666666666667,0.04828333333333334,0.0026166666666666664,,0.0052302563801041235,-1.0147308046874077,1.0855819582876738,-0.027236358772083597,-0.022006102391979473,,0.0052302563801041235,-1.0147308046874077,25.20689655172414,1.0855819582876738,
1922,8.78,0.51,0.69,,,0.0508,0.0702,0.0432,,,0.0365,0.035564,0.058087,0.057955,0.078588,0.73913,0.472649,0.0067,0.0194,,-0.023121,,,0.014713,,,,,,,,,,,,,,,,,,,,,,,,,,,,,,,,,1922-12-31,1922-12-31,8.78,0.51,0.69,0.2727706295654173,0.002910333333333333,0.019766666666666665,0.034716666666666667,0.008233333333333334,,0.00482886892026279,0.8668106746107854,-0.6835775407254473,0.004548588910286344,0.009377457830549133,,0.00482886892026279,0.8668106746107854,12.72463768115942,-0.6835775407254473,
1923,8.55,0.53,0.98,,,0.0509,0.0738,0.0435,,,0.0388,0.039625,0.061988,0.064087,0.11462,0.540816,0.540201,0.0047,0.0229,,0.023669,,,0.015697,,,,,,,,,,,,,,,,,,,,,,,,,,,,,,,,,1923-12-31,1923-12-31,8.55,0.53,0.98,0.03485543404467666,0.0032598333333333333,0.021275,0.039308333333333334,0.004275,,0.00515239559130847,0.3508609740733126,-0.37740609877166886,0.030733778255922516,0.03588617384723099,,0.00515239559130847,0.3508609740733126,8.724489795918368,-0.37740609877166886,
1924,10.16,0.55,0.93,,,0.0495,0.0646,0.0396,,,0.0257,0.030409,0.054134,0.057054,0.091535,0.591398,0.458883,0.0139,0.0151,,0.0,,,0.010722,,,,,,,,,,,,,,,,,,,,,,,,,,,,,,,,,1924-12-31,1924-12-31,10.16,0.55,0.93,0.2614983269999958,0.00234775,0.018283333333333335,0.027083333333333334,0.013516666666666668,,0.004501010094859834,-0.052367985517315925,0.22489514471898286,0.03203895975213149,0.03653996984699132,,0.004501010094859834,-0.052367985517315925,10.924731182795698,0.22489514471898286,
1925,12.46,0.6,1.25,,,0.0485,0.0615,0.038,,,0.0351,0.028754,0.048154,0.04894,0.100321,0.48,0.389378,0.0029,0.013,,0.034682,,,0.013529,,,,,,,,,,,,,,,,,,,,,,,,,,,,,,,,,1925-12-31,1925-12-31,12.46,0.6,1.25,0.29154113382077507,0.0024563333333333334,0.013883333333333333,0.03025833333333333,0.008374999999999999,,0.004004811119512687,0.2957142441490451,-0.09164917294007383,0.031181055895566762,0.03518586701507945,,0.004004811119512687,0.2957142441490451,9.968,-0.09164917294007383,0.11511726341856092
1926,13.49,0.69,1.24,0.122005,0.066031,0.0468,0.0568,0.0354,0.0777,0.0737,0.0307,0.032898,0.051149,0.051997,0.09192,0.556452,0.441476,0.0047,0.01,-0.003951,-0.011173,,0.050876,0.016486,,,,,,,,,-1.553071,,,0.36869,-0.045455,,,,,0.096306,0.564032,0.695571,0.94619,0.94619,,0.039833,,,0.010779,,,0.228898,,,1926-12-31,1926-12-31,13.49,0.69,1.24,0.1220046022767427,0.00270075,0.0114,0.032325,0.004475,0.050876,0.004253358238467707,-0.008032171697264267,0.0874573285576216,0.0244774112659353,0.028730769504403005,0.11511726341856092,0.004253358238467707,-0.008032171697264267,10.879032258064516,0.0874573285576216,0.3065968056866654
1927,17.66,0.77,1.11,0.358793,0.294563,0.0446,0.0532,0.0316,0.0894,0.0744,0.0317,0.03039,0.043601,0.044432,0.062854,0.693694,0.374689,-0.0001,0.0086,-0.015012,-0.022599,0.265512,0.076471,0.009419,,,,,,,,,-1.689068,,,0.260221,0.04717,,,,,0.101325,0.473353,0.720284,0.998855,0.998855,,0.05963,,,-0.030097,,,0.217996,,,1927-12-31,1927-12-31,17.66,0.77,1.11,0.35879296011907497,0.002575,0.009108333333333333,0.030950000000000002,0.0021833333333333336,0.06462216666666666,0.0036268615626393907,-0.11075136429270263,0.380104889248852,0.02599377296429544,0.029620634526934832,0.3065968056866654,0.0036268615626393907,-0.11075136429270263,15.909909909909908,0.380104889248852,0.3281808147316597
1928,24.35,0.85,1.38,0.38844,0.333131,0.0461,0.056,0.034,0.0008,0.0284,0.0426,0.037847,0.034908,0.035008,0.056674,0.615942,0.259667,-0.0086,0.0099,0.027584,-0.011561,0.497429,0.063069,0.019799,,,,,,,,,-1.940541,,,0.350422,0.045467,,,,,-0.002976,0.411019,0.243572,1.0,1.0,,0.062303,,,0.050586,,,0.246349,,,1928-12-31,1928-12-31,24.35,0.85,1.38,0.3884404083864374,0.0029,0.009375,0.039683333333333334,-0.006575,0.049933250000000005,0.0029047436058391267,0.21772348384487034,0.1035061705079146,0.043340533730539275,0.0462452773363784,0.3281808147316597,0.0029047436058391267,0.21772348384487034,17.644927536231886,0.1035061705079146,-0.09249694067494553
1929,21.45,0.97,1.61,-0.088348,-0.121345,0.0467,0.0595,0.034,0.0341,0.0327,0.0303,0.046385,0.045221,0.046367,0.075058,0.602484,0.338458,0.0037,0.0128,-0.001369,0.005848,0.720593,0.163522,0.124614,,,,,,,,,-1.796712,,,0.232517,0.0,,,,,0.015081,0.491607,0.602303,0.651888,0.651888,,0.092711,,,-0.070695,,-0.248477,0.5958,,,1929-12-31,1929-12-31,21.45,0.97,1.61,-0.08834779718404882,0.0038666666666666663,0.011766666666666667,0.044199999999999996,-0.008166666666666668,0.11758958333333334,0.0037613709351942202,0.15415067982725836,-0.28095788398183136,0.0375335512349066,0.04129492217010082,-0.09249694067494553,0.0037613709351942202,0.15415067982725836,13.322981366459626,-0.28095788398183136,-0.3052067362779718
1930,15.34,0.98,0.97,-0.263029,-0.295861,0.0452,0.0671,0.033,0.0464,0.0798,0.0148,0.024314,0.063885,0.059143,0.063233,1.010309,0.554745,0.0182,0.0219,0.033321,-0.063953,0.307847,0.113887,0.066649,,,,,,,,,-1.525002,,,-0.058696,-0.038961,,,,,0.115588,0.519422,0.071657,0.559663,0.431776,,0.079325,,,-0.068041,,-0.259306,0.468641,,,1930-12-31,1930-12-31,15.34,0.98,0.97,-0.26302851802574095,0.002,0.013525,0.022291666666666668,0.010799999999999999,0.13450533333333334,0.005309651093773754,-0.5066933864810803,0.1714325370461644,0.014212576867749582,0.019522227961523336,-0.3052067362779718,0.005309651093773754,-0.5066933864810803,15.814432989690722,0.1714325370461644,-0.6074338122859267
1931,8.12,0.82,0.61,-0.455253,-0.489204,0.0532,0.1042,0.0407,-0.0532,-0.0185,0.0241,0.009682,0.100985,0.086316,0.075123,1.344262,1.170732,0.0166,0.051,0.034648,-0.093168,0.144665,-0.012921,0.159403,,,,,,,,,-1.326126,,,-0.285267,-0.030769,,,,,0.165739,0.492427,-1.206809,0.400803,0.204371,,0.092151,,,-0.088855,,-0.281164,0.578417,,,1931-12-31,1931-12-31,8.12,0.82,0.61,-0.4552532134388382,0.0009000000000000001,0.03045,0.011466666666666667,0.023175,0.045453,0.00838022277891529,-0.4638371143300716,-0.172296527435452,0.001666821013379588,0.010047043792294878,-0.6074338122859267,0.00838022277891529,-0.4638371143300716,13.311475409836065,-0.172296527435452,-0.09311030131236347
1932,6.89,0.5,0.41,-0.088907,-0.148369,0.0459,0.0842,0.0315,0.1685,0.1082,0.0004,0.01262,0.072569,0.076336,0.059507,1.219512,1.442084,0.0311,0.0383,-0.06025,-0.10274,0.037267,-0.005032,0.307452,,,,,,,,,-1.114328,,,-0.470974,0.0,,,,,0.074596,0.542247,0.229949,0.678756,0.158092,,0.119122,,,0.079435,,-0.305591,0.560773,,,1932-12-31,1932-12-31,6.89,0.5,0.41,-0.08890737901354392,0.0007916666666666666,0.04196666666666667,0.0078000000000000005,0.026183333333333333,-0.01505825,0.0060291995011981,-0.3973017974690035,0.23304272832098413,-0.02674615876725256,-0.02071695926605446,-0.09311030131236347,0.0060291995011981,-0.3973017974690035,16.804878048780488,0.23304272832098413,0.4269082191401499
1933,10.1,0.44,0.44,0.532512,0.472272,0.045,0.0775,0.0336,-0.0007,0.1038,0.0029,0.003726,0.043564,0.044534,0.043564,1.0,0.829026,0.0307,0.0325,0.104454,0.007634,0.401055,0.006195,0.221817,,,,,,,,,-1.502601,,,-0.352107,0.0,,,,,0.103717,0.442031,0.124153,0.907978,0.258861,,0.090982,,,-0.132077,,-0.28528,0.53626,,,1933-12-31,1933-12-31,10.1,0.44,0.44,0.5325117224684854,0.00025,0.03269166666666667,0.002558333333333333,0.029075,-0.0019021666666666668,0.0036237891739498203,0.07061756721395342,0.31184677160769314,-0.01794725462366358,-0.014323465449713758,0.4269082191401499,0.0036237891739498203,0.07061756721395342,22.954545454545453,0.31184677160769314,-0.02515576983112925
1934,9.5,0.45,0.49,-0.024842,-0.061886,0.0381,0.0623,0.0293,0.1001,0.1384,0.0023,0.002227,0.047368,0.04717,0.051579,0.918367,0.773741,0.027,0.0242,0.038284,0.015152,0.071283,0.020813,0.066592,,,,,,,,,-1.410748,,,-0.307478,-0.109505,,,,,0.108915,0.482482,0.608704,0.939498,0.272949,,0.059967,,,0.028668,,-0.248345,0.29376,,,1934-12-31,1934-12-31,9.5,0.45,0.49,-0.02484187908492768,0.00015000000000000001,0.023175,0.0027833333333333334,0.027341666666666667,0.012329,0.003939598004080243,0.10763066419236536,-0.16887428943308394,-0.0029711710235400457,0.0009684269805401973,-0.02515576983112925,0.003939598004080243,0.10763066419236536,19.387755102040817,-0.16887428943308394,0.37592025910260646
1935,13.43,0.47,0.76,0.456331,0.399691,0.0344,0.053,0.0276,0.05,0.0961,0.0015,0.001826,0.034996,0.036293,0.05659,0.618421,0.559911,0.0261,0.0186,0.046188,0.029851,0.066196,0.008689,0.035507,,,,,,,,,-1.633366,,,-0.151035,0.0519,,,,,0.114061,0.465238,0.396007,0.970965,0.378125,,0.079137,,,0.079884,,-0.232309,0.278523,,,1935-12-31,1935-12-31,13.43,0.47,0.76,0.45633067981158054,0.00011666666666666667,0.02149166666666667,0.001675,0.025916666666666668,0.012480499999999999,0.0029121120985707775,0.4389130421757044,-0.0927138302470536,-0.007330173709593782,-0.004418061611023004,0.37592025910260646,0.0029121120985707775,0.4389130421757044,17.671052631578945,-0.0927138302470536,0.28831537187536155
1936,17.18,0.72,1.02,0.334178,0.279453,0.031,0.0453,0.0255,0.075,0.0674,0.0012,0.001776,0.041909,0.041667,0.059371,0.705882,0.458588,0.0243,0.0143,-0.007515,0.014493,0.120577,0.025225,0.031256,,,,,,,,,-1.728128,,,-0.010712,0.009796,,,,,0.078531,0.403581,0.566485,0.972958,0.471968,,0.060696,,,0.061972,,-0.217684,0.289063,,,1936-12-31,1936-12-31,17.18,0.72,1.02,0.33417835439037824,0.00015000000000000001,0.015308333333333334,0.001725,0.025316666666666668,0.01895825,0.003486348679437726,0.29423947299793995,-0.047984566976976784,-0.020273255405408235,-0.01678690672597051,0.28831537187536155,0.003486348679437726,0.29423947299793995,16.84313725490196,-0.047984566976976784,-0.44618554528554105
1937,10.55,0.8,1.13,-0.359935,-0.394224,0.0321,0.0573,0.0273,0.0023,0.0275,0.0011,0.002928,0.075829,0.072007,0.107109,0.707965,0.707489,0.0262,0.0252,0.025141,0.028571,0.312372,0.031775,0.099633,,,0.002833,,,,,,-1.541381,,,-0.347484,-0.06383,,,,,0.017868,0.449412,0.662708,0.621656,0.31705,,0.068716,,,-0.179633,,-0.213824,0.540019,,,1937-12-31,1937-12-31,10.55,0.8,1.13,-0.3599352846339422,0.00024166666666666664,0.017675,0.002758333333333333,0.024975,0.031689166666666664,0.006299233427987159,0.10241500542806935,-0.5900350620621032,-0.006232122260363856,6.711116762330317e-05,-0.44618554528554105,0.006299233427987159,0.10241500542806935,9.33628318584071,-0.5900350620621032,0.2570300628767892
1938,13.21,0.51,0.64,0.293084,0.242537,0.0308,0.0527,0.0252,0.0551,0.0613,0.0003,0.0008,0.038607,0.040063,0.048448,0.796875,0.572039,0.0249,0.0219,0.006208,-0.027778,0.044923,0.005722,0.112143,,,0.004167,,,,,,-1.518621,,,-0.252626,0.0,,,,,0.083094,0.547498,0.360852,0.976468,0.404964,,0.062128,,,0.095305,,-0.230226,0.340443,,,1938-12-31,1938-12-31,13.21,0.51,0.64,0.2930840296022916,-3.333333333333333e-05,0.02605,0.00065,0.025391666666666663,0.020352333333333333,0.003212095345590151,-0.5685047353526685,0.793352993964827,-0.021811838338745924,-0.018599742993155772,0.2570300628767892,0.003212095345590151,-0.5685047353526685,20.640625,0.793352993964827,-0.011103415399703156
1939,12.49,0.62,0.9,-0.011042,-0.056695,0.0294,0.0492,0.0226,0.0595,0.0397,0.0004,0.000575,0.04964,0.05082,0.072058,0.688889,0.580705,0.0222,0.0198,-0.019834,0.0,0.08549,0.002551,0.06642,,,0.006074,,,,,,-1.366703,,,-0.101947,0.041667,,,,,0.087127,0.542516,0.279872,0.961968,0.393499,,0.055309,,,0.11565,,-0.229244,0.250358,,,1939-12-31,1939-12-31,12.49,0.62,0.9,-0.011042431919995608,8.333333333333334e-06,0.01955,0.0004583333333333333,0.023116666666666664,-0.0013541666666666667,0.0041281102634438014,0.3409265869705932,-0.3969723813673408,-0.0016394911411495682,0.002488619122294233,-0.011103415399703156,0.0041281102634438014,0.3409265869705932,13.877777777777778,-0.3969723813673408,-0.10291018683367684
1940,10.58,0.67,1.05,-0.097792,-0.1517,0.0271,0.0445,0.0194,0.0609,0.0339,0.0002,0.000525,0.063327,0.063148,0.099244,0.638095,0.729048,0.0192,0.0174,-0.026982,0.007143,0.118712,0.012589,0.04805,,,0.004262,,,,,,-1.318858,,,-0.030839,0.064697,,,,,0.030473,0.566764,0.556778,0.858181,0.34402,,0.045138,,,0.059116,,-0.226406,0.319078,,,1940-12-31,1940-12-31,10.58,0.67,1.05,-0.0977918053729741,-1.6666666666666667e-05,0.01908333333333333,0.00035833333333333333,0.021591666666666665,0.008010416666666667,0.00526337677644575,0.15415067982725836,-0.3201135775345913,0.013596685774182066,0.018860062550627818,-0.10291018683367684,0.00526337677644575,0.15415067982725836,10.076190476190476,-0.3201135775345913,-0.12100672616760758
1941,8.69,0.71,1.16,-0.113972,-0.176768,0.028,0.0438,0.0204,0.0093,0.0273,0.0033,0.000875,0.081703,0.078022,0.133487,0.612069,0.88951,0.0171,0.0158,0.017996,0.099291,0.114209,0.010343,0.022472,,,0.003447,,,,,,-1.476002,,,0.110232,0.0,,,,,0.04213,0.51348,0.211594,0.830601,0.291104,,0.058705,,,0.021942,,-0.215565,0.330717,,,1941-12-31,1941-12-31,8.69,0.71,1.16,-0.11397216585242702,3.333333333333333e-05,0.015600000000000001,0.0012916666666666667,0.018375,0.010291,0.006785518461548936,0.09962984094884114,-0.2964223281016939,0.06931471805599451,0.07610023651754345,-0.12100672616760758,0.006785518461548936,0.09962984094884114,7.491379310344827,-0.2964223281016939,0.19029716689164175
1942,9.77,0.59,1.03,0.209609,0.129992,0.0281,0.0428,0.0246,0.0322,0.026,0.0038,0.003329,0.060389,0.063509,0.105425,0.572816,0.862647,0.0208,0.0147,-0.006197,0.090323,0.1238,0.001812,0.018051,,,0.005101,,,,,,-1.242269,,,0.239918,0.0,,,,,0.073058,0.55299,0.728173,0.998662,0.313246,,0.044246,,,0.084214,,-0.202837,0.187628,,,1942-12-31,1942-12-31,9.77,0.59,1.03,0.20960877437486503,0.00023333333333333333,0.014533333333333334,0.0034249999999999997,0.021075,0.007779166666666667,0.0050197918825576615,-0.11886120287672881,0.23600472965411948,0.020031124181618804,0.025050916064176466,0.19029716689164175,0.0050197918825576615,-0.11886120287672881,9.485436893203882,0.23600472965411948,0.2363827254143342
1943,11.67,0.61,0.94,0.266659,0.203313,0.0274,0.0382,0.0248,0.0209,0.0283,0.0038,0.003805,0.052271,0.055354,0.080548,0.648936,0.787402,0.021,0.0108,0.007447,0.029586,0.164306,0.014423,0.016087,,,0.001962,,,,,,-1.402786,,,0.33762,0.0,,,,,0.104508,0.432768,0.353496,0.931902,0.356508,,0.041782,,,0.04365,,-0.186589,0.306616,,,1943-12-31,1943-12-31,11.67,0.61,0.94,0.26665880690465893,0.0003,0.0118,0.0038,0.020791666666666667,0.008816,0.004346438849400929,-0.09143420595963195,0.26913918620340527,-0.0020836348200284245,0.0022628040293725046,0.2363827254143342,0.004346438849400929,-0.09143420595963195,12.414893617021278,0.26913918620340527,0.19196821117905488
1944,13.28,0.64,0.93,0.211632,0.151353,0.027,0.0349,0.0246,0.0282,0.0473,0.0038,0.003805,0.048193,0.049883,0.07003,0.688172,0.743764,0.0208,0.0079,0.019171,0.022989,0.164524,0.019062,0.0084,,,0.003522,,,,,,-1.463287,,,0.292887,0.0,,,,,0.084779,0.350977,-0.00161,0.997702,0.398589,,0.048094,,,-0.003231,,-0.178526,0.201573,,,1944-12-31,1944-12-31,13.28,0.64,0.93,0.21163231625495285,0.000275,0.008866666666666667,0.0038,0.020916666666666667,0.01394,0.004008021397538819,-0.010695289116747806,0.13993298686657085,-1.8561541192951835e-17,0.004008021397538801,0.19196821117905488,0.004008021397538819,-0.010695289116747806,14.279569892473116,0.13993298686657085,0.3123588312579453
1945,17.36,0.66,0.96,0.366645,0.309747,0.0261,0.031,0.0199,0.1073,0.0408,0.0038,0.003805,0.038018,0.038394,0.0553,0.6875,0.613239,0.0161,0.0049,-0.066552,0.022472,0.21174,0.025525,0.015969,-0.052898,,0.004328,,,,,,-1.838924,,,-0.071394,0.0,,,,,-0.001591,0.305332,0.030438,0.985139,0.5061,,0.033732,,,-0.110814,,-0.168225,0.252549,,,1945-12-31,1945-12-31,17.36,0.66,0.96,0.36664523423720524,0.0002666666666666666,0.006625,0.0038,0.0185,0.01846725,0.0031631945857604005,0.03174869831458027,0.2361608668693361,-0.013198277291723261,-0.010035082705962862,0.3123588312579453,0.0031631945857604005,0.03174869831458027,18.083333333333332,0.2361608668693361,-0.09738793684729397
1946,15.3,0.71,1.06,-0.092796,-0.128429,0.0261,0.0317,0.0212,-0.0008,0.0172,0.0038,0.003805,0.046405,0.048398,0.069281,0.669811,0.692438,0.0174,0.0056,0.018071,0.181319,0.318482,0.036076,0.046371,0.058383,,0.001781,,,,,,-1.747633,,,-0.006116,0.0,,,,,0.100992,0.32073,0.231059,0.833882,0.464884,,0.036619,,,0.049791,,-0.161187,0.414457,,,1946-12-31,1946-12-31,15.3,0.71,1.06,-0.09279551735404017,0.0003,0.0052,0.0038,0.017116666666666665,0.03762058333333333,0.003859644377141249,0.09909090264423097,-0.22540678347804516,-0.007842123574648498,-0.003982479197507249,-0.09738793684729397,0.003859644377141249,0.09909090264423097,14.433962264150944,-0.22540678347804516,0.04792407493669186
1947,15.3,0.84,1.61,0.049091,-0.0065,0.0286,0.0352,0.0243,-0.0263,-0.0234,0.0095,0.004858,0.054902,0.056037,0.105229,0.521739,0.725326,0.0148,0.0066,0.002911,0.088372,0.23963,0.025922,0.019339,0.079056,0.034653,0.004761,,,,,0.041942,-1.587584,,,0.000195,0.028,,,,,0.044704,0.356385,0.306246,0.969548,0.475274,,0.039228,,-0.012727,0.027326,,-0.162314,0.200286,,,1947-12-31,1947-12-31,15.3,0.84,1.61,0.049090888769833696,0.0004166666666666666,0.0062499999999999995,0.006008333333333333,0.015791666666666666,0.026591666666666666,0.004564729152114714,0.4179652708723958,-0.417965270872396,0.018593708183606422,0.023158437335721135,0.04792407493669186,0.004564729152114714,0.4179652708723958,9.50310559006211,-0.417965270872396,0.0512461932783107
1948,15.2,0.93,2.29,0.052582,-0.008405,0.0279,0.0353,0.0237,0.0339,0.0414,0.0116,0.010138,0.061184,0.063051,0.150658,0.406114,0.840948,0.0121,0.0074,0.007509,0.029915,0.15714,0.015015,0.0221,0.054523,0.03493,0.001633,,,,,0.052106,-1.451783,,,-0.045333,0.0,,,,,0.069464,0.353012,0.306561,0.917892,0.465147,,0.036424,,0.006484,-0.010445,,-0.17037,0.437022,,,1948-12-31,1948-12-31,15.2,0.93,2.29,0.052581721819032236,0.0006749999999999999,0.006491666666666666,0.010450000000000001,0.013525,0.02270725,0.00508572993470282,0.3523176385697766,-0.3588750391159357,0.02532341591985173,0.03040914585455455,0.0512461932783107,0.00508572993470282,0.3523176385697766,6.637554585152838,-0.3588750391159357,0.16600076088162685
1949,16.76,1.14,2.32,0.180574,0.097705,0.0258,0.0331,0.0209,0.0644,0.0331,0.011,0.011474,0.068019,0.070984,0.138425,0.491379,0.796429,0.0099,0.0073,-0.031303,-0.020747,0.191869,0.027176,0.012306,0.051693,0.029374,0.004252,,,,,0.062322,-1.444342,,,-0.128634,0.0,,,,,0.037089,0.341203,0.251098,1.0,0.526064,,0.037034,,0.003246,-0.00463,,-0.18601,0.170227,,,1949-12-31,1949-12-31,16.76,1.14,2.32,0.18057448906670223,0.000925,0.007566666666666667,0.01115,0.010791666666666666,0.019127083333333333,0.005652253632087066,0.013015368112070227,0.08468429908963632,0.018266650334092326,0.023918903966179392,0.16600076088162685,0.005652253632087066,0.013015368112070227,7.224137931034484,0.08468429908963632,0.28477134037831897
1950,20.41,1.47,2.84,0.329458,0.230299,0.0267,0.032,0.0224,0.0005,0.0212,0.0134,0.011726,0.072024,0.075346,0.139147,0.517606,0.722538,0.009,0.0053,0.020647,0.059322,0.227023,0.031359,0.021461,0.004356,0.034471,0.005663,,,,,0.054807,-1.717517,,,0.041941,0.0,,,,,0.024387,0.332322,0.119823,0.999788,0.617625,,0.051567,,-0.008451,0.017251,,-0.196438,0.392294,,,1950-12-31,1950-12-31,20.41,1.47,2.84,0.3294582088723358,0.0010083333333333333,0.006175,0.012033333333333333,0.0097,0.0280895,0.005984019810456883,0.20223686649489617,-0.005206984727079655,0.05371316298289115,0.059697182793348035,0.28477134037831897,0.005984019810456883,0.20223686649489617,7.18661971830986,-0.005206984727079655,0.21046430836513572
1951,23.77,1.41,2.44,0.234251,0.160198,0.0301,0.0361,0.0269,-0.0394,-0.0269,0.0173,0.014629,0.059318,0.061626,0.10265,0.577869,0.721316,0.0096,0.006,0.012519,0.06,0.264824,0.036151,0.012182,0.004147,0.032664,0.004147,,,,,0.06403,-1.40586,-1.474896,,-0.002241,0.0,,,,,0.055197,0.342424,0.216072,0.974165,0.706325,,0.022217,,0.000989,0.006894,-0.519085,-0.198451,0.278641,,,1951-12-31,1951-12-31,23.77,1.41,2.44,0.2342505169348228,0.0012333333333333332,0.005533333333333334,0.015175,0.009733333333333333,0.031800416666666664,0.004931028194288869,-0.15180601286800408,0.30420531741835316,0.06931471805599451,0.07424574625028338,0.21046430836513572,0.004931028194288869,-0.15180601286800408,9.741803278688524,0.30420531741835316,0.17346747484032984
1952,26.57,1.41,2.4,0.189422,0.122797,0.0297,0.0351,0.0279,0.0117,0.0352,0.0209,0.016931,0.053067,0.054949,0.090327,0.5875,0.694073,0.007,0.0054,0.023516,0.007547,0.202497,0.026536,0.00659,-0.000777,0.032688,0.003446,,,,,0.057511,-1.426028,-0.791406,,0.062469,0.0,,,,,0.082202,0.359351,0.248996,0.999658,0.7658,,0.027274,,0.009628,0.071574,0.792587,-0.206771,0.209102,,,1952-12-31,1952-12-31,26.57,1.41,2.4,0.1894224779757826,0.0013666666666666669,0.005633333333333333,0.017225,0.0094,0.03043725,0.004412531217121179,-0.016529301951210582,0.12788778035083043,0.08835334283188417,0.09276587404900535,0.17346747484032984,0.004412531217121179,-0.016529301951210582,11.070833333333335,0.12788778035083043,-0.01722245879558587
1953,24.81,1.45,2.51,-0.017075,-0.073017,0.0313,0.0374,0.0274,0.0363,0.0341,0.016,0.02015,0.058444,0.058562,0.101169,0.577689,0.759701,0.0114,0.0061,-0.002144,0.007491,0.203978,0.024823,0.008279,-0.020183,0.034021,0.002793,-0.043414,,,,0.055077,-1.384899,-0.811956,,-0.031168,0.0,,,,,0.062024,0.402253,0.275035,0.956125,0.736942,-2.316534,0.02928,,-0.009,-0.047138,0.54945,-0.21686,0.169243,,,1953-12-31,1953-12-31,24.81,1.45,2.51,-0.017075141824572353,0.001508333333333333,0.005341666666666667,0.018908333333333333,0.010316666666666667,0.026074083333333335,0.0048585262018233325,0.04481401578979264,-0.11334997785780507,0.08706316526067613,0.09192169146249947,-0.01722245879558587,0.0048585262018233325,0.04481401578979264,9.884462151394423,-0.11334997785780507,0.4229663965438196
1954,35.98,1.54,2.77,0.526483,0.449937,0.029,0.0345,0.0272,0.0718,0.0539,0.0115,0.010742,0.042802,0.044977,0.076987,0.555957,0.60412,0.0157,0.0055,-0.017918,-0.007435,0.213197,0.026993,0.00839,0.007232,0.032568,0.002845,-0.041052,,,,0.049131,-1.737582,0.664239,,-0.040418,0.0,,,,,0.085676,0.337632,0.28738,1.0,1.0,-2.588906,0.050162,,0.008883,0.02775,1.055849,-0.226311,0.219704,,,1954-12-31,1954-12-31,35.98,1.54,2.77,0.5264830511094092,0.0007166666666666667,0.006058333333333333,0.009383333333333334,0.018075,0.01971625,0.0035604504354763687,0.09856456705555473,0.2731518637631225,0.0866098604038356,0.09017031083931197,0.4229663965438196,0.0035604504354763687,0.09856456705555473,12.98916967509025,0.2731518637631225,0.27230088616347503
1955,45.48,1.64,3.62,0.312982,0.257908,0.0315,0.0362,0.0295,-0.0128,0.0048,0.0254,0.014855,0.03606,0.036036,0.079595,0.453039,0.509828,0.0041,0.0047,0.017632,0.003745,0.275391,0.025245,0.02162,-0.00934,0.036607,0.000244,0.003609,,,,0.044825,-1.579157,-0.964593,,0.039368,0.0,,,,,0.085433,0.365675,0.03966,1.0,1.0,-2.559969,0.028561,,0.015103,0.023746,1.055849,-0.229559,0.28973,,,1955-12-31,1955-12-31,45.48,1.64,3.62,0.3129824890185764,0.0013,0.004775,0.017249999999999998,0.012058333333333332,0.026096916666666668,0.003000477936243101,0.2676267056384325,-0.033317265278484276,0.07804554357697199,0.08104602151321509,0.27230088616347503,0.003000477936243101,0.2676267056384325,12.563535911602209,-0.033317265278484276,0.06229287656417115
1956,46.67,1.74,3.41,0.064274,0.021809,0.0375,0.0437,0.0345,-0.0559,-0.0681,0.0321,0.02554,0.037283,0.038598,0.073066,0.510264,0.544177,0.0024,0.0062,-0.012204,0.029851,0.268489,0.02615,0.01389,-0.017608,0.035574,0.00097,-0.013847,,,,0.045216,-1.609933,0.677435,,0.029876,0.0,,,,,0.118309,0.353393,0.382186,0.958584,0.958584,-2.65166,0.033507,,0.006301,0.036486,-1.660325,-0.231526,0.329678,,,1956-12-31,1956-12-31,46.67,1.74,3.41,0.06427433169210064,0.0020333333333333336,0.0051333333333333335,0.026275000000000003,0.005108333333333334,0.02659175,0.003102104429128203,-0.05976173454225429,0.08559062562164335,0.06034548319996229,0.06344758762909049,0.06229287656417115,0.003102104429128203,-0.05976173454225429,13.686217008797653,0.08559062562164335,-0.11445507945076576
1957,39.99,1.79,3.37,-0.108148,-0.147014,0.0381,0.0503,0.0323,0.0747,0.0871,0.0304,0.03318,0.044761,0.042905,0.084271,0.531157,0.653676,0.0019,0.0122,0.012471,0.028986,0.227001,0.034873,0.017547,-0.013007,0.034144,0.000668,-0.032194,,,,0.045301,-1.607558,-0.829598,,-0.083278,0.023333,,,,,0.057746,0.346511,0.024971,0.836627,0.836177,-2.505312,0.047657,,0.000437,-0.042145,-2.68188,-0.233369,0.468436,,,1957-12-31,1957-12-31,39.99,1.79,3.37,-0.1081478147177079,0.0025916666666666666,0.008291666666666668,0.03225,0.0024916666666666668,0.03236716666666666,0.003723159622974491,-0.011799546931155055,-0.1426725901718421,0.05463475558200108,0.05835791520497557,-0.11445507945076576,0.003723159622974491,-0.011799546931155055,11.86646884272997,-0.1426725901718421,0.3628477528919659
1958,55.21,1.75,2.89,0.437417,0.382753,0.0408,0.0485,0.0382,-0.0611,-0.0222,0.0277,0.019151,0.031697,0.033346,0.052346,0.605536,0.511779,0.0105,0.0077,0.038892,0.017606,0.164835,0.023686,0.008489,0.010693,0.030806,0.001586,-0.057796,,,,0.046661,-1.775056,-0.451899,,-0.072867,0.0,,,,-0.001222,0.158954,0.332365,0.414451,1.0,1.0,-2.987761,0.036845,,0.004493,0.045035,1.055849,-0.238086,0.2356,,,1958-12-31,1958-12-31,55.21,1.75,2.89,0.43741685462499924,0.0012666666666666666,0.009391666666666666,0.017708333333333333,0.01680833333333333,0.02095058333333333,0.0026379472483511,-0.1536562422399296,0.47617091567715586,0.07537718023763802,0.07801512748598913,0.3628477528919659,0.0026379472483511,-0.1536562422399296,19.103806228373703,0.47617091567715586,0.11690086888389291
1959,59.89,1.83,3.39,0.124008,0.088055,0.0458,0.0528,0.0447,-0.0227,-0.0097,0.0449,0.032434,0.030556,0.0314,0.056604,0.539823,0.457784,-0.0002,0.007,0.012996,0.017301,0.26244,0.022856,0.008449,0.007977,0.032559,0.000975,-0.005045,,,,0.042663,-1.80225,-1.145185,,-0.029653,0.0,,,,-0.026319,0.090481,0.324093,0.575141,1.0,1.0,-2.917513,0.029527,,0.005716,0.004782,0.781623,-0.240884,0.129065,,,1959-12-31,1959-12-31,59.89,1.83,3.39,0.12400828542067759,0.00245,0.006716666666666667,0.03385833333333333,0.008075,0.0272635,0.0025430985294099995,0.15957341926801807,-0.07820796928760021,0.06630952185250927,0.06885262038191926,0.11690086888389291,0.0025430985294099995,0.15957341926801807,17.666666666666668,-0.07820796928760021,0.005883657292267169
1960,58.11,1.95,3.27,0.005901,-0.028461,0.0435,0.051,0.038,0.1379,0.0907,0.0225,0.032224,0.033557,0.03511,0.056273,0.59633,0.550423,0.0155,0.0075,-0.047269,0.013605,0.204156,0.022761,0.010161,0.013139,0.032442,-0.001363,-0.053428,,,,0.043757,-1.737643,0.587012,,-0.13403,0.0,,,,-0.021545,0.123016,0.341086,0.72661,0.898493,0.898493,-2.915229,0.026918,,0.002763,-0.024104,0.81888,-0.246511,0.181978,,,1960-12-31,1960-12-31,58.11,1.95,3.27,0.0059007575690469705,0.0022,0.007791666666666666,0.028833333333333332,0.011666666666666667,0.025159249999999998,0.002792517871673427,-0.03603993648319693,0.005868156293839828,0.0567999910369865,0.05959250890865993,0.005883657292267169,0.002792517871673427,-0.03603993648319693,17.77064220183486,0.005868156293839828,0.23985827869601337
1961,71.55,2.02,3.19,0.271069,0.233555,0.0442,0.051,0.0415,0.0097,0.0482,0.026,0.023326,0.028232,0.028323,0.044584,0.633229,0.505922,0.0155,0.0068,0.038505,0.006711,0.284412,0.022324,0.006488,0.015882,0.033057,-0.002211,-0.059928,,,,0.045381,-1.83788,-0.682749,,-0.056175,0.0,,,,0.029926,0.018596,0.325038,0.58848,0.99487,0.99487,-3.150173,0.036326,,0.012027,0.035068,1.055849,-0.252012,0.090319,,,1961-12-31,1961-12-31,71.55,2.02,3.19,0.27106895989688184,0.0017499999999999998,0.0072499999999999995,0.023541666666666666,0.016633333333333333,0.023456666666666667,0.0023499039442825857,-0.024769068112408858,0.23282780802785455,0.050580045583923997,0.05292994952820658,0.23985827869601337,0.0023499039442825857,-0.024769068112408858,22.429467084639498,0.23282780802785455,-0.09154746769264875
1962,63.1,2.13,3.67,-0.087482,-0.118394,0.0424,0.0492,0.0395,0.0688,0.0795,0.0287,0.027351,0.033756,0.034211,0.058162,0.580381,0.591627,0.0108,0.0068,0.010621,0.013333,0.162167,0.019968,0.028545,0.009891,0.03374,-0.002797,-0.043439,,,,0.044243,-1.717805,-0.628188,,-0.061808,0.0,,,,0.08016,0.05344,0.460792,0.219394,0.898197,0.88732,-2.882403,0.029344,,0.006238,0.008443,0.27792,-0.256243,0.338107,,,1962-12-31,1962-12-31,63.1,2.13,3.67,-0.08748161938715351,0.0022416666666666665,0.0069500000000000004,0.027733333333333332,0.0124,0.026683083333333333,0.0028090461785869616,0.14017074526972562,-0.26584648172501807,0.06353164299124672,0.06634068916983368,-0.09154746769264875,0.0028090461785869616,0.14017074526972562,17.193460490463217,-0.26584648172501807,0.20446050505322538
1963,75.02,2.28,4.02,0.226863,0.187767,0.0435,0.0485,0.0417,0.0121,0.0219,0.0352,0.030671,0.030392,0.031135,0.053586,0.567164,0.525591,0.0065,0.005,0.009805,0.016447,0.111474,0.008955,0.007413,0.009555,0.035562,-0.001497,-0.026594,,,,0.045017,-1.643365,0.696048,,-0.034206,0.0,,,,-0.01816,0.071304,0.451225,0.218425,0.994447,0.994447,-2.966943,0.024292,,0.005155,0.016905,0.784933,-0.258736,0.273247,,,1963-12-31,1963-12-31,75.02,2.28,4.02,0.226863255912928,0.002558333333333333,0.005966666666666666,0.031591666666666664,0.009141666666666666,0.012272,0.002529456184570439,0.09109024056445075,0.08194373454212307,0.07265786531745086,0.0751873215020213,0.20446050505322538,0.002529456184570439,0.09109024056445075,18.66169154228856,0.08194373454212307,0.15425895967906927
1964,84.75,2.5,4.55,0.166793,0.131852,0.0444,0.0481,0.0423,0.0351,0.0477,0.0384,0.035642,0.029499,0.029614,0.053687,0.549451,0.487227,0.0039,0.0037,0.012606,0.009709,0.221466,0.023095,0.002795,-0.00347,0.037458,-0.002381,-0.005907,,,,0.044186,-1.645959,-0.730147,,0.01248,0.0,,,,0.033797,0.054776,0.462567,0.287659,0.980285,0.980285,-2.965528,0.020085,,0.006591,0.015152,1.055849,-0.255501,0.108991,,,1964-12-31,1964-12-31,84.75,2.5,4.55,0.1667927690253487,0.002891666666666667,0.0042250000000000005,0.03546666666666667,0.006733333333333333,0.019727166666666667,0.0024551939659499147,0.12384533033192946,-0.0018943287251109422,0.07938489628988472,0.08184009025583464,0.15425895967906927,0.0024551939659499147,0.12384533033192946,18.626373626373628,-0.0018943287251109422,0.1187638877969425
1965,92.43,2.72,5.19,0.126104,0.092225,0.0468,0.0502,0.045,0.007,-0.0046,0.0438,0.039291,0.029428,0.029691,0.056151,0.524085,0.430638,0.0012,0.0034,-0.011587,0.019231,0.142071,0.020838,0.004589,-0.00916,0.042055,-0.000813,0.017876,,,,0.044767,-1.899196,0.86801,,0.067033,0.0,-0.013364,0.085264,-0.558253,0.05777,0.067074,0.418933,0.145789,1.0,1.0,-2.924882,0.032153,,0.019871,0.02023,1.055849,-0.252027,0.066361,,,1965-12-31,1965-12-31,92.43,2.72,5.19,0.12610446663002892,0.0032083333333333334,0.0037250000000000004,0.03949166666666667,0.0033833333333333332,0.01729725,0.0024493042536774647,0.13160646421493838,-0.04486060919881165,0.08437778458490262,0.08682708883858009,0.1187638877969425,0.0024493042536774647,0.13160646421493838,17.809248554913296,-0.04486060919881165,-0.10753621410746061
1966,80.33,2.87,5.55,-0.101956,-0.132076,0.0539,0.0618,0.0455,0.0365,0.002,0.0496,0.047937,0.035728,0.035674,0.06909,0.517117,0.576945,-0.0041,0.0079,-0.034497,0.034591,0.139047,0.017208,0.013935,-0.01769,0.042059,-5e-05,0.050404,,,,0.044591,-1.811669,-0.977792,,0.093021,0.0,-0.007371,0.074014,-0.203535,0.01374,0.038209,0.39104,0.229025,0.789519,0.789519,-2.71961,0.024735,,0.003613,0.009555,-2.68188,-0.246076,0.214369,,,1966-12-31,1966-12-31,80.33,2.87,5.55,-0.10195582045707247,0.003875,0.005350000000000001,0.048625,-0.0013416666666666666,0.017736333333333333,0.0029728785769103537,0.06706423058054584,-0.20737268167151102,0.08277645098171836,0.08574932955862871,-0.10753621410746061,0.0029728785769103537,0.06706423058054584,14.473873873873874,-0.20737268167151102,0.21480084753588147
1967,96.47,2.92,5.33,0.239615,0.201048,0.0619,0.0693,0.0556,-0.0918,-0.0495,0.0497,0.043643,0.030268,0.031064,0.05525,0.547842,0.525792,0.0059,0.0074,0.042259,0.030395,0.114687,0.014362,0.006989,-0.030463,0.039528,0.002952,0.040334,,,,0.041864,-2.006846,-0.181226,,0.092399,0.0,-0.01383,0.109836,-0.082153,0.04848,0.054835,0.309542,0.084135,0.959738,0.909521,-2.951316,0.040508,,0.004275,0.026759,1.055849,-0.246547,0.121163,,,1967-12-31,1967-12-31,96.47,2.92,5.33,0.23961522645527897,0.0034333333333333334,0.007216666666666666,0.04306666666666667,0.007283333333333333,0.010330333333333334,0.002519197260184206,-0.0404466895805899,0.22353561857733092,0.059855852959069075,0.062375050219253284,0.21480084753588147,0.002519197260184206,-0.0404466895805899,18.099437148217635,0.22353561857733092,0.10279663171453833
1968,103.86,3.07,5.76,0.108266,0.07433,0.0645,0.0723,0.0598,-0.0026,0.0257,0.0596,0.053152,0.029559,0.028329,0.055459,0.532986,0.504901,0.0002,0.0078,0.028313,0.047198,0.208641,0.031961,0.007399,-0.032773,0.039525,0.002348,0.061426,,,,0.040011,-2.2156,-0.771567,,0.100992,0.0,-0.017297,0.114641,-0.175688,0.023482,0.034861,0.302178,0.180349,0.957918,0.948349,-2.950658,0.029045,,0.00501,0.015186,1.055849,-0.242467,0.075521,,,1968-12-31,1968-12-31,103.86,3.07,5.76,0.10826627444468369,0.0042499999999999994,0.007608333333333334,0.05338333333333334,0.001125,0.01580275,0.0024602229814213376,0.07758623653004675,-0.0037744772963359905,0.04611928285708259,0.04857950583850393,0.10279663171453833,0.0024602229814213376,0.07758623653004675,18.03125,-0.0037744772963359905,-0.08685175336652182
1969,92.06,3.16,5.78,-0.083187,-0.113057,0.0772,0.0865,0.0687,-0.0507,-0.0809,0.0782,0.065314,0.034325,0.033685,0.062785,0.546713,0.651082,-0.0095,0.0093,-0.030168,0.061972,0.313951,0.034274,0.010015,-0.033456,0.039305,0.000822,0.063569,,,,0.03447,-1.971086,0.970507,,0.083174,0.0,0.024716,0.055153,-0.018598,-0.013518,0.055294,0.310266,0.280075,0.826093,0.804261,-2.841752,0.032806,,0.007756,-0.00627,-2.68188,-0.242574,0.177908,,,1969-12-31,1969-12-31,92.06,3.16,5.78,-0.08318674183191392,0.005316666666666667,0.007841666666666667,0.06666666666666667,-0.002916666666666667,0.04400616666666667,0.0028563700158155897,0.003466207976486329,-0.12406950800356381,0.045641824850303395,0.048498194866118984,-0.08685175336652182,0.0028563700158155897,0.003466207976486329,15.927335640138407,-0.12406950800356381,0.03909666699833667
1970,92.15,3.14,5.13,0.039871,0.001637,0.0764,0.0912,0.0648,0.121,0.1837,0.0487,0.06988,0.034075,0.036009,0.05567,0.612086,0.646426,0.0161,0.0148,0.062692,0.055703,0.222884,0.031462,0.023043,-0.0443,0.035651,0.001513,0.038881,,,,0.033193,-1.835372,-0.528279,,0.010515,0.062305,-0.021925,0.102406,0.254843,0.014812,0.022125,0.327452,0.321815,0.996342,0.843009,-2.950253,0.028295,,0.003604,-0.021619,1.055849,-0.240815,0.178629,,,1970-12-31,1970-12-31,92.15,3.14,5.13,0.03987072619827133,0.005274999999999999,0.01065,0.06391666666666666,0.0043749999999999995,0.037185666666666665,0.002835549187614324,-0.119298023501608,0.12027516922834505,0.029565080350478185,0.03240062953809251,0.03909666699833667,0.002835549187614324,-0.119298023501608,17.962962962962965,0.12027516922834505,0.13497659781224322
1971,102.09,3.07,5.7,0.14451,0.109119,0.0725,0.0838,0.0597,0.1324,0.1101,0.0401,0.044959,0.030072,0.032663,0.055833,0.538596,0.6439,0.0196,0.0113,-0.022241,0.032663,0.287447,0.034023,0.010462,-0.057144,0.035802,0.002254,0.005744,,,,0.03093,-1.880437,0.878966,,0.025952,0.0,-0.034982,0.125922,-0.26485,0.009137,0.04758,0.353608,0.254469,0.936245,0.894539,-2.942997,0.02972,,0.009921,0.023178,-1.367532,-0.246881,0.243663,,,1971-12-31,1971-12-31,102.09,3.07,5.7,0.1445096559837428,0.0035833333333333338,0.011766666666666667,0.043325,0.017925,0.028298583333333332,0.0025028241156130663,0.10536051565782635,-0.0029234225927345617,0.042423406776769715,0.04492623089238278,0.13497659781224322,0.0025028241156130663,0.10536051565782635,17.910526315789475,-0.0029234225927345617,0.1749368568931935
1972,118.05,3.15,6.42,0.191171,0.157629,0.0708,0.0793,0.0599,0.0568,0.0726,0.0507,0.041401,0.026684,0.026999,0.054384,0.490654,0.595675,0.0092,0.0085,0.015773,0.034063,0.311295,0.034203,0.006362,-0.049447,0.03814,0.000311,0.048859,,,,0.030319,-1.764452,0.419596,,0.101301,0.0,-0.042385,0.147494,-0.705151,0.055676,0.055151,0.373471,0.276458,0.984319,0.984319,-2.97335,0.024382,,0.015514,0.034631,1.055849,-0.247555,0.170034,,,1972-12-31,1972-12-31,118.05,3.15,6.42,0.19117099472597585,0.0031416666666666663,0.009416666666666667,0.040725000000000004,0.019283333333333333,0.03256066666666667,0.002221165438019686,0.11895194286136529,0.026301543489232374,0.04919746901739851,0.051418634455418194,0.1749368568931935,0.002221165438019686,0.11895194286136529,18.38785046728972,0.026301543489232374,-0.16012884684576228
1973,97.55,3.38,8.16,-0.147966,-0.174879,0.0768,0.0848,0.0726,-0.0111,0.0114,0.0745,0.068263,0.034649,0.035223,0.083649,0.414216,0.755588,-0.0019,0.008,0.022499,0.087059,0.333084,0.013007,0.025069,-0.061078,0.039822,-0.00064,0.037348,,,,0.029541,-1.84029,0.679342,,0.116127,0.190252,-0.002214,0.110334,-0.683934,0.06242,0.031615,0.394318,0.192437,0.809033,0.809033,-2.546347,0.048142,,-0.000967,0.015049,-2.68188,-0.245218,0.336725,-0.190505,,1973-12-31,1973-12-31,97.55,3.38,8.16,-0.14796598497322874,0.0056,0.008,0.07031666666666667,0.0003250000000000002,0.03505033333333333,0.0028832476106829966,0.23982605127414594,-0.43056924773654776,0.05894807079161617,0.06183131840229916,-0.16012884684576228,0.0028832476106829966,0.23982605127414594,11.954656862745097,-0.43056924773654776,-0.3068812018894321
1974,68.56,3.6,8.89,-0.264262,-0.296619,0.0889,0.1063,0.076,0.0434,-0.0306,0.0715,0.080761,0.052509,0.051451,0.129667,0.404949,1.120018,0.0045,0.0174,-0.074044,0.123377,0.163064,0.008772,0.048043,-0.05088,0.03623,-0.00083,-0.009652,,,,0.028993,-1.433898,-1.256427,,-0.005204,0.010682,-0.015263,0.112007,-0.139426,-0.054358,0.056136,0.443311,0.195665,0.691115,0.585947,-2.114452,0.034614,,-0.000171,-0.039899,-2.68188,-0.242077,0.394295,-1.215978,,1974-12-31,1974-12-31,68.56,3.6,8.89,-0.2642616771851972,0.006441666666666666,0.009308333333333333,0.0783,0.0012833333333333332,0.0082195,0.004366183620853352,0.08568288054979768,-0.43833867332939336,0.05830398646632832,0.06267017008718168,-0.3068812018894321,0.004366183620853352,0.08568288054979768,7.712035995500562,-0.43833867332939336,0.3145369797434203
1975,90.19,3.68,7.96,0.369625,0.313659,0.0879,0.1056,0.0805,0.0919,0.1464,0.0544,0.062403,0.040803,0.040333,0.088258,0.462312,0.876339,0.0261,0.0177,0.054574,0.069364,0.2026,0.023711,0.024263,-0.049264,0.032916,-0.000465,-0.003191,,,,0.030732,-1.449344,-0.890063,,-0.028238,-0.008895,-0.053408,0.136985,-0.650415,-0.025556,-0.029728,0.465577,0.010576,0.966659,0.810507,-2.504451,0.019802,,0.007101,0.021785,0.810466,-0.241917,0.299889,-0.953539,,1975-12-31,1975-12-31,90.19,3.68,7.96,0.36962480573845785,0.0047083333333333335,0.01784166666666667,0.057749999999999996,0.024800000000000003,0.02193175,0.0033944614374106616,-0.11049804966952166,0.38470733155761405,0.03939774870093061,0.04279221013834127,0.3145369797434203,0.0033944614374106616,-0.11049804966952166,11.330402010050252,0.38470733155761405,0.21443373070994107
1976,107.46,4.05,9.91,0.23916,0.191174,0.0798,0.0912,0.0721,0.1676,0.1865,0.0435,0.05336,0.037688,0.039667,0.09222,0.408678,0.779973,0.0286,0.0114,0.018824,0.048649,0.207928,0.028567,0.012467,-0.03884,0.034313,-0.001123,0.018404,,,,0.027995,-1.523552,-0.827748,,0.016787,0.005979,-0.047436,0.138463,-0.368241,0.034653,0.045598,0.470851,0.13025,0.990008,0.955263,-2.450017,0.024714,,0.01016,0.018136,-0.519085,-0.241637,0.274367,-1.069581,,1976-12-31,1976-12-31,107.46,4.05,9.91,0.23915983668008606,0.004141666666666667,0.013125,0.04974166666666666,0.028975,0.020979916666666668,0.00313578181068411,0.21911534848560504,-0.043915219362546526,0.053341602852323575,0.05647738466300768,0.21443373070994107,0.00313578181068411,0.21911534848560504,10.843592330978808,-0.043915219362546526,-0.07716834262159658
1977,95.1,4.67,10.89,-0.074266,-0.116925,0.0819,0.0899,0.0803,-0.007,0.0171,0.0607,0.050371,0.049106,0.049246,0.114511,0.428834,0.960333,0.0196,0.008,0.024086,0.06701,0.218936,0.030474,0.00826,-0.032977,0.036854,-0.001834,0.01871,,,,0.028266,-1.456428,-0.535998,,0.043377,0.0,-0.034813,0.134095,-0.538904,0.057818,0.016993,0.472115,-0.007508,0.831378,0.790311,-2.241171,0.018067,,0.009824,0.006379,-2.436497,-0.244901,0.29678,-0.721702,,1977-12-31,1977-12-31,95.1,4.67,10.89,-0.07426605510709258,0.004175,0.00945,0.052691666666666664,0.024374999999999997,0.03150566666666667,0.004083833455383033,0.09430058860297255,-0.21649030435230324,0.05864660962902994,0.06273044308441297,-0.07716834262159658,0.004083833455383033,0.09430058860297255,8.732782369146005,-0.21649030435230324,0.062142528037209536
1978,96.11,5.07,12.33,0.064114,0.009448,0.0916,0.0994,0.0898,-0.0117,-0.0007,0.0908,0.069064,0.052752,0.053537,0.128291,0.411192,1.045701,-0.001,0.0078,0.010955,0.090177,0.219449,0.014851,0.015801,-0.03094,0.040577,-0.001548,-0.009374,,,,0.032046,-1.619367,-0.498952,,0.079438,0.019529,-0.024564,0.130344,-0.876221,0.046895,0.020913,0.435192,0.120766,0.886829,0.765437,-2.139727,0.022562,,0.004387,0.017547,-0.322334,-0.24614,0.399827,-0.784363,,1978-12-31,1978-12-31,96.11,5.07,12.33,0.06411383521406543,0.005808333333333333,0.007633333333333333,0.07188333333333334,0.013525,0.018853416666666668,0.004386370374312463,0.12419038023138383,-0.11362598094753538,0.07253894075259562,0.07692531112690808,0.062142528037209536,0.004386370374312463,0.12419038023138383,7.794809407948094,-0.11362598094753538,0.17048342850529435
1979,107.94,5.65,14.86,0.185878,0.122835,0.1074,0.1206,0.1012,-0.0125,-0.042,0.1204,0.098113,0.052344,0.053222,0.137669,0.380215,1.06195,-0.0192,0.0132,-0.029501,0.132939,0.220057,0.010514,0.011823,-0.021155,0.040241,-0.000371,0.010932,,,,0.032206,-1.581634,0.99447,,0.046591,0.044805,-0.008143,0.114115,-0.624675,0.028113,0.048698,0.431876,0.112631,0.934415,0.797509,-2.081752,0.030403,,0.004473,0.00382,1.055849,-0.244011,0.31577,-0.887839,,1979-12-31,1979-12-31,107.94,5.65,14.86,0.18587755027572675,0.008266666666666667,0.010608333333333332,0.10069166666666667,-0.007508333333333333,0.011522,0.0043525053209149565,0.1866377221133602,-0.07055557375805628,0.07389215589486273,0.07824466121577768,0.17048342850529435,0.0043525053209149565,0.1866377221133602,7.263795423956932,-0.07055557375805628,0.2820929825467807
1980,135.76,6.16,14.82,0.325902,0.259841,0.1321,0.1514,0.1199,-0.0395,-0.0276,0.1549,0.116081,0.045374,0.043837,0.109163,0.415655,0.891503,-0.035,0.0193,0.011965,0.125163,0.278024,0.026817,0.027342,-0.015106,0.037736,0.00102,0.014795,,,,0.030073,-1.805088,-0.952094,,0.008926,0.032791,-0.01526,0.121906,-0.309365,0.04618,0.060887,0.407546,0.194111,0.963826,0.916602,-2.335712,0.028116,,0.009534,0.038678,1.055849,-0.248257,0.283717,-0.355214,,1980-12-31,1980-12-31,135.76,6.16,14.82,0.32590183907853754,0.008933333333333333,0.0173,0.11434166666666667,-3.333333333333313e-05,0.017928666666666666,0.0037740517777506226,-0.002695419421672211,0.23200852315714618,0.07555938174793897,0.0793334335256896,0.2820929825467807,0.0037740517777506226,-0.002695419421672211,9.160593792172739,0.23200852315714618,-0.04986168804614869
1981,122.55,6.63,15.36,-0.048639,-0.096533,0.1423,0.1655,0.1334,0.0186,-0.0124,0.1085,0.153848,0.0541,0.052473,0.125337,0.431641,1.061143,0.0249,0.0232,-0.030932,0.089224,0.362175,0.01191,0.018131,-0.008749,0.039035,-0.001279,-0.02063,,,,0.028653,-1.560065,0.932861,,-0.048836,0.0,-0.027602,0.121232,-0.786369,-0.042076,0.038292,0.460281,0.148403,0.85445,0.831986,-2.205321,0.019431,,-5e-05,-0.022506,-2.68188,-0.252672,0.226509,-0.805763,3.864074,1981-12-31,1981-12-31,122.55,6.63,15.36,-0.04863894367681381,0.011508333333333334,0.018733333333333334,0.14025,-0.007933333333333332,0.023940083333333334,0.004498231702187777,0.03578910785158529,-0.1381586188034345,0.07858729054613868,0.08308552224832645,-0.04986168804614869,0.004498231702187777,0.03578910785158529,7.978515625,-0.1381586188034345,0.20000265419044314
1982,140.64,6.87,12.64,0.221406,0.153919,0.1183,0.1414,0.1095,0.4035,0.4256,0.0794,0.114356,0.048848,0.049589,0.089875,0.543513,0.932215,0.0301,0.0231,0.022115,0.038298,0.364754,0.00299,0.033441,-0.005054,0.033717,-0.001346,-0.039863,,,,0.027946,-1.785011,-0.721738,,-0.13816,-0.023591,-0.045534,0.120187,-0.194831,0.046162,0.043448,0.444629,0.148403,0.977572,0.977572,-2.509544,0.022767,,0.011625,-0.018685,1.055849,-0.258436,0.377596,-0.216197,3.815896,1982-12-31,1982-12-31,140.64,6.87,12.64,0.221405849323735,0.008383333333333333,0.023258333333333336,0.10614166666666668,0.02255,0.002215,0.004062414116180296,-0.19490033900081466,0.3325846629635599,0.061833736332611654,0.06589615044879195,0.20000265419044314,0.004062414116180296,-0.19490033900081466,11.126582278481012,0.3325846629635599,0.20115230674154574
1983,164.93,7.09,14.03,0.222811,0.170127,0.1257,0.1375,0.1197,0.0065,0.0626,0.09,0.087959,0.042988,0.042608,0.085066,0.505346,0.700359,0.0297,0.0118,0.056067,0.03791,0.430008,0.027057,0.017871,0.010465,0.035974,-0.001694,-0.01832,,,,0.02863,-1.687541,-0.349429,,-0.062752,0.001013,-0.051398,0.122914,0.124495,0.02204,0.036006,0.475948,0.168482,0.977812,0.977812,-2.576133,0.019484,,0.008419,0.026162,0.810466,-0.256766,0.155246,-0.374446,3.514482,1983-12-31,1983-12-31,164.93,7.09,14.03,0.22281052402326199,0.00705,0.015125,0.08610833333333334,0.027758333333333333,0.015658250000000002,0.0035759266028645522,0.10433150539565804,0.054986202127535896,0.06249579957417203,0.06607172617703658,0.20115230674154574,0.0035759266028645522,0.10433150539565804,11.75552387740556,0.054986202127535896,0.06475630991987254
1984,167.24,7.53,16.64,0.066899,0.018395,0.1213,0.134,0.117,0.1549,0.1686,0.0806,0.100475,0.045025,0.046033,0.099498,0.452524,0.733098,0.0364,0.0127,0.013677,0.039487,0.170737,-0.027197,0.016251,-1.4e-05,0.039023,-0.001128,-0.017291,,,,0.031679,-1.507392,-0.402305,,-0.041763,-0.032967,-0.029928,0.112856,0.435779,-0.014369,0.098398,0.504387,0.174046,0.941654,0.941245,-2.416475,0.017086,,0.007734,0.000489,-0.519085,-0.257899,0.254675,-0.08598,3.028387,1984-12-31,1984-12-31,167.24,7.53,16.64,0.06689907814612706,0.007850000000000001,0.014808333333333333,0.095225,0.029766666666666667,0.004165416666666667,0.0037450712587433622,0.17061154127869302,-0.15670277625038959,0.0648341101215102,0.06857918138025357,0.06475630991987254,0.0037450712587433622,0.17061154127869302,10.05048076923077,-0.15670277625038959,0.2774756638134954
1985,211.28,7.9,14.61,0.319794,0.266198,0.1016,0.1158,0.0956,0.3097,0.3009,0.071,0.078797,0.037391,0.039076,0.06915,0.540726,0.592693,0.0246,0.0142,-0.008803,0.037987,0.176455,-0.019465,0.010518,0.015016,0.038151,-0.001721,0.00619,,,,0.033315,-1.760772,-0.308043,,-0.054087,-0.109134,-0.036274,0.11064,0.468658,0.033365,0.038769,0.476257,0.148286,0.99586,0.99586,-2.760038,0.019644,,0.005758,0.005658,1.055849,-0.260128,0.209546,-0.255347,3.021161,1985-12-31,1985-12-31,211.28,7.9,14.61,0.3197942599279233,0.006216666666666666,0.013416666666666667,0.07479166666666666,0.033999999999999996,-0.02567925,0.0031110838660517344,-0.13010320963045452,0.36385757113096695,0.05174862642924055,0.05485971029529228,0.2774756638134954,0.0031110838660517344,-0.13010320963045452,14.46132785763176,0.36385757113096695,0.16606852223294966
1986,242.17,8.28,14.48,0.180654,0.138699,0.0849,0.0997,0.0789,0.2452,0.1985,0.0553,0.064184,0.034191,0.033224,0.059793,0.571823,0.498431,0.0236,0.0148,-0.046738,0.010979,0.164734,-0.011377,0.021676,0.008294,0.035257,-0.00224,0.023866,,,,0.033896,-1.657089,0.233997,,-0.065125,0.166557,-0.048862,0.116398,0.926824,0.011092,0.071171,0.473619,0.174191,0.969513,0.969513,-2.885558,0.018056,,0.007796,0.01136,0.787103,-0.264871,0.269872,0.383709,3.220197,1986-12-31,1986-12-31,242.17,8.28,14.48,0.18065405154963837,0.004991666666666666,0.013699999999999999,0.059783333333333334,0.021508333333333334,-0.01332375,0.0028451867532625925,-0.008937838805037698,0.14539352968857136,0.04794852295996138,0.05079370971322397,0.16606852223294966,0.0028451867532625925,-0.008937838805037698,16.724447513812155,0.14539352968857136,0.05027287393564284
1987,247.08,8.81,17.5,0.051558,0.01642,0.1011,0.1129,0.092,-0.0272,-0.0027,0.0577,0.059246,0.035656,0.038254,0.070827,0.503429,0.508812,0.0343,0.0118,0.02449,0.044344,0.150407,0.013275,0.103327,0.021378,0.034681,-0.002701,0.059948,,,,0.034666,-1.797741,-0.734332,,-0.020207,-0.097785,-0.033568,0.112612,0.670111,0.024056,0.028128,0.431847,0.250461,0.712172,0.712172,-2.733597,0.037769,,0.005187,0.02384,-2.183921,-0.263609,0.652842,0.167886,3.34816,1987-12-31,1987-12-31,247.08,8.81,17.5,0.051557898184054075,0.00445,0.011999999999999999,0.05775,0.030283333333333332,0.0039955,0.0029669664937747933,0.1894324939718981,-0.1693602820166099,0.05944248213758578,0.062409448631360574,0.05027287393564284,0.0029669664937747933,0.1894324939718981,14.118857142857143,-0.1693602820166099,0.15667719977183503
1988,277.72,9.75,23.75,0.169618,0.120568,0.0957,0.1065,0.0918,0.0967,0.107,0.0807,0.06442,0.035107,0.035623,0.085518,0.410526,0.465284,0.0111,0.0108,0.010375,0.044194,0.114644,-0.021406,0.029262,0.022622,0.035066,-0.002291,0.065086,,,,0.034236,-1.406586,0.639391,,-0.018264,0.125326,-0.039029,0.120574,0.24687,0.074573,0.054672,0.505089,0.149386,0.993162,0.79656,-2.546217,0.019742,,0.006378,0.007134,1.055849,-0.260776,0.301459,0.268757,3.048544,1988-12-31,1988-12-31,277.72,9.75,23.75,0.1696176222979178,0.00515,0.0112,0.066675,0.024566666666666667,-0.0028658333333333335,0.002921337262617779,0.3053816495511819,-0.18848040849380754,0.07083225278864254,0.07375359005126032,0.15667719977183503,0.002921337262617779,0.3053816495511819,11.693473684210527,-0.18848040849380754,0.27285291194072614
1989,353.4,11.06,22.87,0.313707,0.267514,0.0886,0.0982,0.0816,0.181,0.1623,0.0763,0.084528,0.031282,0.031952,0.064714,0.483384,0.390455,0.0053,0.0096,-0.018661,0.046473,0.097787,-0.012334,0.017239,0.03349,0.035166,-0.002929,0.039888,,,,0.034878,-1.544805,-0.719662,,-0.043345,0.098691,-0.045836,0.124698,0.29197,0.065133,0.030197,0.500162,0.203312,0.986312,0.986312,-2.813253,0.022906,,0.007124,0.003878,1.055849,-0.256885,0.389983,0.607861,2.941912,1989-12-31,1989-12-31,353.4,11.055,22.87,0.3137065181738894,0.006725000000000001,0.0092,0.08111666666666667,0.004775000000000001,-0.02396441666666667,0.002604603564148063,-0.037756522445960415,0.2787436704464836,0.06877111626752021,0.07137571983166827,0.27285291194072614,0.002604603564148063,-0.037756522445960415,15.452557936160908,0.2787436704464836,-0.032442616439437286
1990,330.22,12.09,21.34,-0.031922,-0.066186,0.0905,0.1043,0.0844,0.0617,0.0678,0.0674,0.078775,0.0366,0.037509,0.064624,0.566354,0.484497,0.017,0.0138,0.006135,0.061063,0.078345,-0.001846,0.02545,0.032027,0.033511,-0.002338,0.021749,42.314358,,50.2439,0.035462,-1.549172,-0.789289,54.2,-0.078323,-0.02268,-0.043283,0.129128,0.596688,0.031747,0.042652,0.535641,0.23369,0.87796,0.87796,-2.816877,0.026559,,-0.007756,-0.015364,-2.68188,-0.252944,0.331419,0.930998,2.762114,1990-12-31,1990-12-31,330.22,12.086,21.34,-0.03192209790806383,0.006308333333333333,0.010333333333333333,0.07493333333333334,0.013358333333333333,-0.0035454166666666668,0.003046351461468398,-0.06924276216108247,0.0014013012791731548,0.07127387933454647,0.07432023079601487,-0.032442616439437286,0.003046351461468398,-0.06924276216108247,15.474226804123713,0.0014013012791731548,0.2675178848005329
1991,417.09,12.2,15.97,0.306717,0.265983,0.0831,0.0926,0.073,0.1926,0.1989,0.0407,0.059896,0.029257,0.032522,0.038289,0.76412,0.420344,0.0323,0.0095,0.00624,0.030643,0.152767,0.031812,0.02068,0.027619,0.031425,-0.001253,-0.009396,16.044359,,22.9771,0.035162,-1.698807,0.318911,16.7,-0.093461,-0.113041,-0.044702,0.124776,0.254716,-0.01954,0.111235,0.506571,0.193837,1.0,1.0,-3.331089,0.039779,,-0.00096,0.002053,1.055849,-0.254946,0.282456,0.458117,3.050683,1991-12-31,1991-12-31,417.09,12.203,15.97,0.30671684784642106,0.004549999999999999,0.010324999999999999,0.05375,0.028183333333333335,0.014637166666666666,0.002434557534523665,-0.28987128364668624,0.5234142104925612,0.05151228936932084,0.053946846903844506,0.2675178848005329,0.002434557534523665,-0.28987128364668624,26.117094552285533,0.5234142104925612,0.07437436523936143
1992,435.71,12.39,19.09,0.07721,0.045916,0.0798,0.0881,0.0726,0.0805,0.0939,0.0322,0.037205,0.028425,0.028712,0.043814,0.648769,0.39411,0.0404,0.0083,0.013399,0.029007,0.150195,0.038829,0.009422,0.013845,0.032787,-0.001112,0.002458,4.956529,,10.2534,0.0334,-1.601256,-0.52122,5.2,-0.075962,-0.0211,-0.039122,0.116977,0.290098,-0.031433,0.027189,0.498379,0.205379,0.967157,0.967157,-3.193319,0.021221,,0.007399,0.010184,1.055849,-0.250638,0.142271,0.670074,3.106253,1992-12-31,1992-12-31,435.71,12.385,19.09,0.07721046739820471,0.0028750000000000004,0.008366666666666666,0.03431666666666667,0.04130833333333333,0.03915891666666667,0.0023668921391610926,0.17845267551073515,-0.13477781692810095,0.054487326001789335,0.05685421814095043,0.07437436523936143,0.0023668921391610926,0.17845267551073515,22.823991618648506,-0.13477781692810095,0.09432241940232806
1993,466.45,12.58,21.89,0.098914,0.068585,0.0693,0.0769,0.0654,0.1823,0.1319,0.0306,0.030825,0.026963,0.027235,0.046929,0.574555,0.305267,0.0348,0.0076,-0.050496,0.027484,0.144115,0.045727,0.007418,0.028242,0.034153,-0.001012,-0.007921,4.103057,,9.6009,0.032832,-1.655262,-0.627703,-20.0,-0.064888,-0.086901,-0.044198,0.111737,0.670839,-0.044157,0.017875,0.475117,0.226061,0.989395,0.989395,-3.115218,0.02359,,0.003384,0.015622,1.055849,-0.250215,0.084069,0.438765,3.002743,1993-12-31,1993-12-31,466.45,12.577,21.89,0.09891442647041353,0.0023833333333333332,0.007108333333333334,0.029975,0.03693333333333333,0.04114866666666667,0.0022449502530282025,0.1368652737971153,-0.06869132482234114,0.0493392871279378,0.05158423738096601,0.09432241940232806,0.0022449502530282025,0.1368652737971153,21.308816811329372,-0.06869132482234114,0.013518215800908267
1994,459.27,13.17,30.6,0.01361,-0.014877,0.0846,0.091,0.0799,-0.0778,-0.0576,0.056,0.038849,0.028676,0.029029,0.066627,0.430392,0.291568,0.0239,0.0064,0.02016,0.026749,0.12039,0.016596,0.009652,0.037139,0.035686,-0.000576,-0.025043,6.438903,,10.4366,0.032591,-1.624653,0.693175,-22.4,-0.020298,-0.014424,-0.028006,0.114495,0.539113,-0.025849,0.023806,0.476837,0.23238,0.963824,0.963824,-2.783838,0.024306,,0.003926,0.020261,-0.291759,-0.251218,0.199563,0.480583,2.9956,1994-12-31,1994-12-31,459.27,13.17,30.6,0.013609557968228504,0.003191666666666667,0.006600000000000001,0.04246666666666667,0.03290833333333333,0.033211833333333336,0.0023868111533641365,0.33497009742356354,-0.3504826584184341,0.061803647971626095,0.06419045912499023,0.013518215800908267,0.0023868111533641365,0.33497009742356354,15.008823529411764,-0.3504826584184341,0.3198004602352878
1995,615.93,13.79,33.96,0.376853,0.342752,0.0682,0.0749,0.0603,0.3166,0.272,0.0514,0.056353,0.022386,0.022776,0.055136,0.406007,0.255026,0.0089,0.0067,-0.044523,0.025384,0.121241,0.015527,0.006427,0.040238,0.036642,-0.000147,-0.022583,5.271044,,9.2318,0.031943,-1.709142,-0.681563,-5.2,-0.016131,0.070392,-0.036192,0.13449,0.672562,-0.017756,0.021903,0.470555,0.216173,0.980955,0.980955,-2.953479,0.022315,,0.002377,0.008105,1.055849,-0.252428,0.111913,0.435576,2.838658,1995-12-31,1995-12-31,615.93,13.788,33.96,0.37685252607305675,0.00455,0.006108333333333334,0.054900000000000004,0.0141,0.011936416666666666,0.0018640039838568139,0.10418335248481153,0.18931169581587168,0.07253771807934276,0.07440172206319957,0.3198004602352878,0.0018640039838568139,0.10418335248481153,18.136925795053003,0.18931169581587168,0.20878658147345627
1996,740.74,14.9,38.73,0.232182,0.20537,0.072,0.0789,0.0673,-0.0092,0.014,0.0491,0.051672,0.020114,0.019681,0.052286,0.384689,0.207343,0.0182,0.0069,0.0232,0.033225,0.198666,0.024126,0.014078,0.046141,0.038824,-0.000397,0.001282,22.492321,0.009383,25.1198,0.033513,-1.714821,0.235727,-8.6,0.021827,0.092827,-0.046629,0.142862,0.305334,-0.042407,0.038673,0.464476,0.268013,0.982832,0.982832,-3.01213,0.025494,0.038675,0.002997,0.013769,1.055849,-0.251461,0.19074,0.543998,3.050141,1996-12-31,1996-12-31,740.74,14.899,38.73,0.23218218834494755,0.004233333333333333,0.006841666666666666,0.05005833333333334,0.018291666666666668,0.02400258333333333,0.0016748483344277967,0.13143113208351415,0.053085233735002145,0.06815350725923822,0.06982835559366601,0.20878658147345627,0.0016748483344277967,0.13143113208351415,19.125742318616062,0.053085233735002145,0.2897421989332326
1997,970.43,15.5,39.72,0.336083,0.312675,0.0676,0.0732,0.0602,0.1587,0.1295,0.0516,0.050764,0.015969,0.01622,0.04093,0.390156,0.178801,0.0086,0.0056,-0.029165,0.017024,0.1427,0.015559,0.0332,0.047039,0.04022,-0.000889,0.022076,30.669827,0.01075,34.0974,0.032665,-1.7328,0.481669,-7.0,0.081161,-0.077365,-0.051114,0.146623,0.482643,-0.057203,0.072552,0.478999,0.322072,0.957495,0.957495,-3.252359,0.03477,0.047774,0.006907,0.025411,1.055849,-0.249469,0.429222,0.868997,2.960494,1997-12-31,1997-12-31,970.43,15.497,39.72,0.33608260311514937,0.004275,0.006008333333333333,0.05060833333333333,0.016033333333333333,0.016343,0.0013301400495936476,0.02524034565031103,0.24484924005693098,0.06470049511160514,0.06603063516119878,0.2897421989332326,0.0013301400495936476,0.02524034565031103,24.431772406847934,0.24484924005693098,0.2569728337118631
1998,1229.23,16.2,37.71,0.29301,0.27392,0.0622,0.0723,0.0542,0.1307,0.1076,0.0439,0.050374,0.013175,0.013918,0.030678,0.429462,0.173611,0.0103,0.0101,-0.023148,0.016119,0.120659,0.020057,0.041258,0.038287,0.042104,-0.001034,0.015847,31.861181,0.011976,32.2986,0.033789,-1.615602,-0.550873,36.4,0.097573,0.067722,-0.058077,0.160308,0.069363,-0.065899,0.040869,0.457121,0.36818,0.979429,0.979429,-3.529669,0.037322,0.047271,0.004435,0.013788,1.055849,-0.248631,0.228716,0.473542,3.934711,1998-12-31,1998-12-31,1229.23,16.195,37.71,0.2930100821931633,0.003958333333333334,0.006891666666666667,0.04776666666666667,0.009125,0.020211083333333334,0.0010976458633333238,-0.051929527906706095,0.28833349174447026,0.05589449970470064,0.05699214556803396,0.2569728337118631,0.0010976458633333238,-0.051929527906706095,32.59692389286661,0.28833349174447026,0.19351533866381865
1999,1469.25,16.69,48.17,0.213508,0.197948,0.0755,0.0819,0.0682,-0.0899,-0.0745,0.052,0.045972,0.011361,0.012018,0.032785,0.346523,0.147167,0.0162,0.0064,0.015356,0.026846,0.138456,0.017889,0.032678,0.040897,0.042574,6.4e-05,0.038663,34.15453,0.008405,35.7088,0.035514,-1.583153,0.409533,9.1,0.130256,0.035786,-0.072808,0.201135,-0.014486,-0.000138,0.069671,0.396464,0.254646,1.0,1.0,-3.478678,0.085356,0.051786,0.011805,0.017783,1.055849,-0.245625,0.155129,0.062438,4.33277,1999-12-31,1999-12-31,1469.25,16.692,48.17,0.21350813885864786,0.003825,0.008291666666666668,0.04638333333333333,0.015950000000000002,0.01999125,0.0009461803284165914,0.24481110937186373,-0.06644699995540916,0.05880316906762582,0.05974934939604241,0.19351533866381865,0.0009461803284165914,0.24481110937186373,30.501349387585634,-0.06644699995540916,-0.0889328582165062
2000,1320.28,16.27,50.0,-0.085093,-0.095481,0.0721,0.0802,0.0558,0.2149,0.1285,0.0577,0.057655,0.012324,0.012374,0.037871,0.32542,0.151852,-0.0019,0.0081,-0.086389,0.033868,0.14099,-0.002262,0.049217,0.037559,0.04294,-0.000525,0.052273,33.667107,0.009501,24.7904,0.034164,-1.702023,-0.583233,43.9,0.121142,-0.204999,-0.07938,0.154882,-0.638941,-0.039611,0.00932,0.428675,0.355178,0.920146,0.920146,-3.324649,0.067534,0.061012,0.006283,-0.002747,-2.68188,-0.242116,0.129072,0.310991,4.031515,2000-12-31,2000-12-31,1320.28,16.271,50.0,-0.08509301530613031,0.004775000000000001,0.007416666666666666,0.058166666666666665,0.003275,0.009651,0.001026401700809356,0.03728658478601656,-0.1441948159807621,0.06080226927801026,0.06182867097881962,-0.0889328582165062,0.001026401700809356,0.03728658478601656,26.4056,-0.1441948159807621,-0.1268270598295509
2001,1148.08,15.74,24.69,-0.119114,-0.130693,0.0677,0.0805,0.0575,0.037,0.1064,0.0169,0.041411,0.01371,0.013814,0.021505,0.637505,0.131218,0.0406,0.0128,0.069339,0.015517,0.086543,0.013465,0.045606,0.030064,0.037531,-0.001336,0.042001,31.290174,0.005025,35.7873,0.035208,-1.764758,-0.91629,50.9,0.053259,0.025694,-0.094112,0.125776,-0.874191,-0.062351,-0.009783,0.441091,0.285142,0.883892,0.854859,-3.889095,0.032308,0.045047,0.003497,-0.010949,-1.37155,-0.248356,0.213865,0.769618,3.592093,2001-12-31,2001-12-31,1148.08,15.74,24.69,-0.11911354341784695,0.0031333333333333335,0.00865,0.033883333333333335,0.022199999999999998,0.00407075,0.0011418350251787078,-0.7056247020710579,0.5658718486357198,0.0237315787818781,0.024873413807056807,-0.1268270598295509,0.0011418350251787078,-0.7056247020710579,46.49979748886188,0.5658718486357198,-0.24561413444157826
2002,879.82,16.07,27.59,-0.217776,-0.230561,0.0621,0.0745,0.0484,0.1784,0.1664,0.0119,0.017134,0.01827,0.017167,0.031359,0.582602,0.295386,0.0365,0.0124,-0.011999,0.023769,0.082028,0.025736,0.067692,0.009559,0.03409,-0.004144,0.037646,42.968784,0.008218,43.3278,0.035263,-1.748816,0.485034,20.0,0.064308,0.161518,-0.052981,0.122438,-0.126232,-0.046085,0.06988,0.470452,0.312365,0.784338,0.711562,-3.501773,0.033653,0.072329,0.005228,-0.000542,-2.147701,-0.246544,0.383449,1.007819,3.366038,2002-12-31,2002-12-31,879.82,16.074,27.59,-0.21777649897896068,0.0013499999999999999,0.0131,0.016025,0.038158333333333336,0.021596583333333336,0.0015209344325780734,0.11105508487210644,-0.37718400463935065,0.03902934997552416,0.04055028440810223,-0.24561413444157826,0.0015209344325780734,0.11105508487210644,31.889090250090614,-0.37718400463935065,0.25225254366858935
2003,1111.92,17.39,48.74,0.286921,0.263896,0.0562,0.066,0.0515,0.009,0.0527,0.009,0.010491,0.015635,0.016429,0.043834,0.356689,0.21874,0.0425,0.0098,0.043766,0.018795,0.072423,0.006946,0.029261,0.010914,0.035068,,0.025758,16.923622,0.003586,20.7938,0.034552,-1.848346,-0.130005,0.0,0.066952,0.071876,-0.043376,0.107522,-0.078352,-0.000854,0.013805,0.413273,0.106608,1.0,0.891746,-3.169157,0.023188,0.029296,0.003334,0.009674,1.055849,-0.243455,0.244238,1.128283,3.52558,2003-12-31,2003-12-31,1111.92,17.385,48.74,0.2869214954297459,0.0008500000000000001,0.010991666666666665,0.010108333333333332,0.039341666666666664,0.011887833333333334,0.001302452636930065,0.5690466599678655,-0.334920471286795,0.062265107704134535,0.0635675603410646,0.25225254366858935,0.001302452636930065,0.5690466599678655,22.81329503487895,-0.334920471286795,0.10408069703924307
2004,1211.92,19.44,58.55,0.10969,0.087382,0.0547,0.0615,0.0484,0.085,0.0872,0.0219,0.011952,0.016042,0.016563,0.048312,0.332058,0.270619,0.0265,0.0068,0.002238,0.032556,0.078297,0.013002,0.012291,0.01408,0.035904,,0.023644,5.005804,0.003005,8.9618,0.032804,-1.810449,-0.455671,-21.1,0.086513,-0.117982,-0.041644,0.125024,0.210565,-0.014116,0.041348,0.444661,0.225883,0.99341,0.919818,-3.07151,0.019962,0.015169,0.007704,0.014228,1.055849,-0.240775,0.257246,1.216556,3.294101,2004-12-31,2004-12-31,1211.92,19.442,58.55,0.10969036977676737,0.0009833333333333332,0.00765,0.013716666666666667,0.0365,0.011988083333333335,0.0013358292784868637,0.18338104184666618,-0.09726341377310067,0.06290358273253319,0.06423941201102006,0.10408069703924307,0.0013358292784868637,0.18338104184666618,20.69888983774552,-0.09726341377310067,0.05076440454997437
2005,1248.29,22.22,69.83,0.052075,0.032873,0.0537,0.0632,0.0461,0.0781,0.0587,0.0389,0.028599,0.017797,0.01778,0.055941,0.318144,0.313478,0.0072,0.0095,-0.019353,0.034157,0.051071,0.003059,0.010541,0.033711,0.036421,,0.006806,3.475762,0.004683,7.1476,0.031934,-1.816546,-0.343464,-8.8,0.095862,0.065062,-0.047336,0.142875,0.515877,0.033755,0.037942,0.458883,0.243816,0.979613,0.91423,-2.927196,0.014692,0.011822,0.003795,0.009128,-0.519085,-0.242796,0.241339,1.539799,3.473042,2005-12-31,2005-12-31,1248.29,22.216,69.83,0.05207462462027476,0.00245,0.008291666666666666,0.031466666666666664,0.0147,0.006971333333333333,0.0014822634778421646,0.17618262681421756,-0.14661389093418492,0.0782178745547668,0.07970013803260896,0.05076440454997437,0.0014822634778421646,0.17618262681421756,17.876127738794214,-0.14661389093418492,0.14565930132819918
2006,1418.3,24.88,81.51,0.156802,0.135088,0.0532,0.0622,0.0491,0.0118,0.0324,0.0485,0.045763,0.017545,0.017766,0.05747,0.305288,0.281682,0.0006,0.009,0.020596,0.025407,0.049123,-0.015037,0.010062,0.036027,0.037513,,-0.001186,3.177323,0.005268,6.9593,0.031696,-1.833495,-0.549596,0.0,0.102252,-0.033667,-0.034835,0.128729,0.517337,0.032655,0.0315,0.447606,0.174192,0.99621,0.99621,-2.901079,0.018646,0.011479,0.006203,0.002444,1.055849,-0.240269,0.164712,1.628735,3.518923,2006-12-31,2006-12-31,1418.3,24.884,81.51,0.15680152486947882,0.0039250000000000005,0.008916666666666666,0.04726666666666667,0.0025083333333333333,-0.005332833333333333,0.001460776537879179,0.15466199524842222,-0.026977638677961352,0.0863978662574398,0.08785864279531898,0.14565930132819918,0.001460776537879179,0.15466199524842222,17.400318979266345,-0.026977638677961352,0.05560971522509302
2007,1468.36,27.73,66.18,0.057185,0.037262,0.0549,0.0665,0.045,0.0989,0.0259,0.03,0.046513,0.018886,0.018723,0.045071,0.419034,0.250583,0.015,0.0116,-0.073038,0.040813,0.077726,-0.040637,0.02536,0.031443,0.038253,,0.010552,25.319271,0.007704,18.1362,0.032011,-2.358381,-0.560379,19.2,0.108972,0.082957,-0.036929,0.123461,0.619515,0.080578,-0.033481,0.438335,0.214849,0.936481,0.936481,-3.139694,0.020053,0.042799,0.001085,0.003295,-0.561164,-0.240374,0.403755,2.566972,3.760651,2007-12-31,2007-12-31,1468.36,27.732,66.1807,0.05718464442686175,0.0038083333333333337,0.009266666666666666,0.043533333333333334,0.005166666666666667,-0.016341583333333333,0.0015725141657655449,-0.2083474096128999,0.24303457003007276,0.06650887107819989,0.06808138524396544,0.05560971522509302,0.0015725141657655449,-0.2083474096128999,22.18736778482925,0.24303457003007276,-0.45349426191944775
2008,903.25,28.39,14.88,-0.364596,-0.379608,0.0505,0.0843,0.0303,0.2586,0.0879,0.0003,0.018242,0.031428,0.031673,0.016474,1.907728,0.354984,0.03,0.0338,-0.170721,0.000914,0.217404,-0.024498,0.168489,0.016283,0.033841,,-0.009314,84.764015,0.015547,-11.3457,0.031104,-2.138056,-0.519533,83.6,-0.026069,-0.289078,-0.040067,0.129973,0.106929,-0.088068,-0.036853,0.435001,0.362684,0.672098,0.619603,-4.129893,0.046352,0.12869,-0.003264,-0.042772,-2.68188,-0.244496,0.652041,1.434199,4.284431,2008-12-31,2008-12-31,903.25,28.387,14.88,-0.3645955341217389,0.0013166666666666665,0.01815,0.01365,0.02975833333333333,-0.046809750000000004,0.0026158210728048086,-1.4923602730885204,1.0064582323985354,-0.02337822505378522,-0.02076240398098041,-0.45349426191944775,0.0026158210728048086,-1.4923602730885204,60.70228494623655,1.0064582323985354,0.23491558818954733
2009,1115.1,22.41,50.97,0.264802,0.23291,0.0526,0.0637,0.0458,-0.149,0.03,0.0005,0.001351,0.020092,0.020449,0.045709,0.439572,0.325531,0.0453,0.0111,0.178995,0.027213,0.197135,0.010594,0.074396,-0.009747,0.029637,,-0.04132,25.883081,0.004747,25.778,0.030613,-1.639104,0.493761,14.0,-0.066307,0.028501,-0.050856,0.120733,-0.826672,-0.114455,-0.017902,0.462385,0.181074,0.98858,0.736209,-3.120733,0.037198,0.039134,-0.000836,0.015608,1.055849,-0.250481,0.385914,0.86404,4.265622,2009-12-31,2009-12-31,1115.1,22.405,50.97,0.2648018134301614,7.5e-05,0.019825,0.0014999999999999998,0.039775,-0.013771,0.0016733368822929816,1.2312191949470046,-1.020519199003438,0.04007056081586303,0.04174389769815601,0.23491558818954733,0.0016733368822929816,1.2312191949470046,21.87757504414361,-1.020519199003438,0.14108454561064104
2010,1257.64,22.73,77.35,0.151522,0.126974,0.0502,0.061,0.0414,0.1014,0.1244,0.0014,0.001175,0.018073,0.019253,0.061504,0.293846,0.3581,0.039978,0.0108,0.022951,0.014957,0.129702,0.012612,0.032533,-0.010201,0.03162,,-0.05454,16.443985,0.003352,18.6383,0.029822,-1.508994,-0.362917,-10.5,-0.020431,0.086305,-0.044197,0.147819,0.059951,-0.019975,0.103825,0.455943,0.190213,0.999321,0.817359,-2.821022,0.030912,0.027065,0.001418,0.004183,1.055849,-0.247182,0.336385,0.634084,4.692229,2010-12-31,2010-12-31,1257.64,22.729,77.35,0.15152192047012086,8.333333333333333e-05,0.01095,0.0013666666666666669,0.03834008333333334,0.015802833333333332,0.001504994806696602,0.4171033526671247,-0.2968104908535421,0.06438786655727338,0.06589286136396999,0.14108454561064104,0.001504994806696602,0.4171033526671247,16.259082094376215,-0.2968104908535421,0.018066807907526947
2011,1257.6,26.43,86.95,0.018231,-0.002846,0.0393,0.0525,0.0248,0.271,0.1794,0.0001,0.000725,0.021012,0.021192,0.06914,0.30391,0.357233,0.0247,0.0132,-0.091566,0.029624,0.128186,-0.006497,0.053955,-0.005799,0.033837,,-0.069437,28.795353,0.005435,22.1362,0.028403,-1.855866,-0.452137,-5.9,-0.005585,-0.015245,-0.033791,0.127666,0.193535,0.047422,0.051625,0.464654,0.30002,0.953712,0.862546,-2.691234,0.02082,0.044474,-0.002855,0.010295,-2.68188,-0.240648,0.619006,0.627579,4.769919,2011-12-31,2011-12-31,1257.6,26.425,86.95,0.018230822949174587,3.3333333333333335e-05,0.01025,0.000525,0.03514166666666667,0.009099666666666667,0.0017498199528924517,0.11699266378121712,-0.11702446989117352,0.08473106392866855,0.086480883881561,0.018066807907526947,0.0017498199528924517,0.11699266378121712,14.463484761357101,-0.11702446989117352,0.14924811042027344
2012,1426.19,31.25,86.51,0.160961,0.134092,0.0365,0.0463,0.0241,0.0344,0.1067,0.0007,0.000725,0.021909,0.022064,0.060658,0.361195,0.349032,0.0234,0.0098,0.072362,0.01741,0.116498,-0.011549,0.016176,-0.009021,0.03445,,-0.083749,11.418256,0.002564,17.928,0.026784,-1.491639,-0.302114,-7.6,0.003183,0.037158,-0.041617,0.140263,0.043444,0.039854,0.074656,0.484642,0.304571,0.962821,0.925138,-2.819556,0.020045,0.030989,-0.000147,0.005002,1.055849,-0.236726,0.368939,0.067042,4.150606,2012-12-31,2012-12-31,1426.19,31.2469,86.51,0.16096114929264124,5e-05,0.012616666666666667,0.0008583333333333333,0.023525,-0.015409666666666667,0.0018242955034956138,-0.005073226608009081,0.1308746368633674,0.07555476882273135,0.07737906432622696,0.14924811042027344,0.0018242955034956138,-0.005073226608009081,16.485839787307825,0.1308746368633674,0.2816109303075772
2013,1848.36,34.99,100.2,0.325263,0.297248,0.0462,0.0538,0.0367,-0.1279,-0.0708,0.0007,0.000575,0.018931,0.019377,0.05421,0.349222,0.304408,0.036,0.0076,0.057066,0.015017,0.128662,0.012144,0.012483,0.014252,0.035293,,-0.075353,7.783432,0.002057,9.5654,0.026144,-1.761887,-0.090028,-8.3,0.013864,0.060724,-0.044109,0.133207,-0.023888,0.05358,0.058368,0.455277,0.140886,1.0,1.0,-2.943473,0.016982,0.017288,0.006452,0.006791,1.055849,-0.23815,0.312076,-0.360875,3.76338,2013-12-31,2013-12-31,1848.36,34.992,100.2,0.325263072089099,0.0,0.008666666666666666,0.0005833333333333334,0.031841666666666664,0.00187675,0.0015762815955022982,0.14690817445848145,0.11238403203558461,0.07605691385579964,0.07763319545130194,0.2816109303075772,0.0015762815955022982,0.14690817445848145,18.446706586826345,0.11238403203558461,0.1268608187337127
2014,2058.9,39.44,102.31,0.135259,0.112101,0.0379,0.0474,0.024,0.2474,0.1727,0.0003,0.00045,0.019157,0.019077,0.049692,0.385526,0.323756,0.0237,0.0095,-0.074676,0.007565,0.109321,0.005625,0.01293,0.008069,0.03641,,-0.04109,19.057377,0.003478,17.5331,0.026858,-1.854681,-0.325423,-10.5,0.034864,-0.189415,-0.038504,0.128776,0.008485,-0.050581,0.001881,0.47688,0.301611,0.987225,0.987225,-3.023779,0.027089,0.030461,0.008382,0.005852,1.055849,-0.2347,0.400247,-0.452672,3.7741,2014-12-31,2014-12-31,2058.9,39.4431,102.31,0.13525896842980947,0.0,0.006916666666666667,0.000325,0.03013333333333333,0.011247333333333333,0.0015950488933288807,0.020839231240084227,0.08703386891824806,0.06035037054662569,0.06194541943995457,0.1268608187337127,0.0015950488933288807,0.020839231240084227,20.124132538363796,0.08703386891824806,0.01482457103427317
2015,2043.94,43.39,86.53,0.014935,-0.006697,0.0397,0.0546,0.0243,-0.0064,-0.0101,0.0023,0.00025,0.021228,0.020855,0.042335,0.50142,0.313649,0.022,0.0149,-0.003689,0.007295,0.103253,-0.022252,0.02391,-0.005755,0.035168,,-0.018369,14.181724,0.003797,9.1229,0.027579,-1.937802,-0.310939,7.4,-0.021458,-0.081623,-0.044951,0.12648,-0.043343,-0.032423,-0.004419,0.485961,0.293827,0.951543,0.951543,-3.184296,0.026881,0.029006,0.001693,-0.013544,-0.503882,-0.232142,0.386386,-0.200766,3.798513,2015-12-31,2015-12-31,2043.94,43.3879,86.53,0.014935094706651397,8.333333333333334e-06,0.011125000000000001,0.000525,0.024775000000000002,-0.010335333333333334,0.001767487697384876,-0.16751624527220113,0.1602237033748181,0.04676539065877506,0.048532878356159936,0.01482457103427317,0.001767487697384876,-0.16751624527220113,23.62117184791402,0.1602237033748181,0.11151990759730228
2016,2238.83,45.7,94.55,0.117976,0.093351,0.0406,0.0483,0.0272,0.0176,0.067,0.0051,0.002703,0.020413,0.020784,0.042232,0.483349,0.293479,0.0221,0.0077,0.049397,0.020746,0.089542,-0.025108,0.017119,-0.004624,0.034912,,-0.024419,7.837351,0.002486,12.5386,0.028634,-1.268578,0.279796,1.5,-0.030182,0.087836,-0.050739,0.126636,-0.068615,-0.035816,0.011258,0.479801,0.288339,0.989386,0.989386,-3.189175,0.027597,0.017627,0.001952,-0.000454,0.792587,-0.231537,0.173441,-0.610563,4.425706,2016-12-31,2016-12-31,2238.83,45.7006,94.55,0.11797634498597685,0.000175,0.010516666666666667,0.0031750000000000003,0.018558333333333333,-0.027193416666666664,0.0016995921723870543,0.08863762048581905,0.00243646979202373,0.04462571507889029,0.04632530725127735,0.11151990759730228,0.0016995921723870543,0.08863762048581905,23.678794288736118,0.00243646979202373,0.19873691782791592
2017,2673.61,48.93,109.88,0.219861,0.195309,0.0351,0.0422,0.0254,0.0623,0.1224,0.0132,0.008174,0.018302,0.01893,0.041098,0.445322,0.235393,0.0122,0.0071,0.060093,0.021091,0.07746,-0.01988,0.004563,-0.004437,0.035433,,-0.000642,3.436215,0.002253,6.1073,0.029601,-1.250014,0.333117,-8.5,-0.014894,0.05331,-0.043619,0.282577,0.057765,0.016377,-0.007635,0.511356,0.233713,0.995237,0.995237,-3.215513,0.02377,0.010176,0.006135,0.014221,1.055849,-0.229202,0.097611,-0.632293,4.113863,2017-12-31,2017-12-31,2673.61,48.932,109.88,0.21986145054692618,0.0006583333333333334,0.006966666666666667,0.009308333333333333,0.01685,-0.014503083333333333,0.0015239297718428874,0.1502600661226066,0.02721614502365407,0.05087670110250507,0.05240063087434796,0.19873691782791592,0.0015239297718428874,0.1502600661226066,24.33208955223881,0.02721614502365407,-0.0459591253442176
2018,2506.85,53.75,132.39,-0.044919,-0.063535,0.0402,0.0513,0.0284,-0.0056,-0.0474,0.0237,0.017741,0.021441,0.019473,0.052811,0.405984,0.268167,0.0047,0.0111,-0.041738,0.019102,0.081069,-0.019228,0.028855,-0.015153,0.035818,,0.010647,15.472471,0.006388,-4.0034,0.029138,-2.113445,0.281758,-15.9,0.001439,-0.11087,-0.045372,0.135164,0.225482,-0.029404,0.111764,0.462526,0.359961,0.869507,0.869507,-2.968937,0.026073,0.064129,0.001864,0.001506,-1.106946,-0.228565,0.490086,-0.676677,3.752451,2018-12-31,2018-12-31,2506.85,53.7482,132.39,-0.04491915924453841,0.0014916666666666665,0.0087,0.019391666666666665,0.010875000000000001,-0.019970666666666668,0.0017851765381186621,0.1863632507224924,-0.2507658849327378,0.062791340033965,0.06457651657208366,-0.0459591253442176,0.0017851765381186621,0.1863632507224924,18.93534254853086,-0.2507658849327378,0.273832102881676
2019,3230.78,58.24,139.47,0.314994,0.288991,0.0301,0.0388,0.0186,0.1217,0.1994,0.0154,0.022258,0.018027,0.018542,0.043169,0.417581,0.221932,0.0032,0.0087,0.077742,0.022851,0.093928,-0.007199,0.015758,-0.022356,0.035377,,0.014323,7.751521,0.003775,9.6763,0.030053,-1.505646,-0.062167,5.4,-0.026984,0.098486,-0.048628,0.134889,-0.179517,-0.057836,0.010359,0.502353,0.304429,0.996271,0.996271,-3.161058,0.040853,0.017853,0.004808,-0.005103,1.055849,-0.229368,0.250595,-0.773385,3.119565,2019-12-31,2019-12-31,3230.78,58.2406,139.47,0.3149939290819912,0.0017666666666666666,0.009875,0.020608333333333336,0.0008333333333333334,-0.015168916666666666,0.0015010900152757527,0.05209741242103766,0.20159919681153562,0.0531556551864237,0.05465674520169945,0.273832102881676,0.0015010900152757527,0.05209741242103766,23.164694916469493,0.20159919681153562,0.17650383327717498
2020,3756.07,58.28,94.13,0.193039,0.171269,0.0226,0.0316,0.0093,0.1666,0.1539,0.0009,0.005256,0.015516,0.016092,0.025061,0.619131,0.216622,0.0084,0.009,-0.012663,0.01362,0.129299,-9.8e-05,0.118727,-0.139775,0.03308,,-0.037856,29.987631,0.005314,31.6237,0.030495,-1.986288,,37.7,-0.071792,0.064843,-0.062626,0.129861,0.230016,-0.009977,0.054564,0.456954,0.339308,1.0,1.0,-3.695709,0.039381,0.042189,0.013813,0.016937,1.055849,-0.247523,0.263884,-1.481539,6.401161,2020-12-31,2020-12-31,3756.07,58.2788,94.13,0.19303928297269685,0.00037499999999999995,0.011258333333333334,0.00365,0.005291666666666667,-0.00806325,0.0012921829176757718,-0.3931727188114742,0.5438223226819277,0.031632690006549155,0.03292487292422493,0.17650383327717498,0.0012921829176757718,-0.3931727188114742,39.90300648039945,0.5438223226819277,0.25056648197212245
2021,4766.18,60.4,197.87,0.284753,0.26683,0.0265,0.033,0.0147,-0.0543,-0.0265,0.0006,0.0005,0.012672,0.013225,0.041515,0.305236,0.175932,0.0141,0.0065,0.027749,0.070364,0.166105,0.01297,0.017331,-0.098808,0.03355,,0.02936,12.699518,0.00359,2.8255,0.02854,-1.27766,,-18.2,-0.048684,0.136446,-0.0441,0.142497,0.449429,0.024583,0.00707,0.435896,0.467788,0.99588,0.99588,-3.196435,0.039192,0.024679,0.008044,0.012417,1.055849,-0.232942,0.251053,-1.886112,4.60118,2021-12-31,2021-12-31,4766.18,60.3971,197.87,0.2847530131006024,8.333333333333334e-06,0.006883333333333334,0.00044166666666666665,0.013983333333333334,0.014058583333333333,0.0010554946461171478,0.7429334438452198,-0.5047614963819742,0.10406059730236303,0.10511609194848018,0.25056648197212245,0.0010554946461171478,0.7429334438452198,24.087431141658666,-0.5047614963819742,-0.20075358778651384
2022,3839.5,66.92,172.75,-0.181886,-0.195288,0.0443,0.0559,0.0362,-0.1246,-0.1576,0.0425,0.012844,0.01743,0.016402,0.044993,0.387397,0.216479,-0.0063,0.0116,-0.032989,0.064544,0.047873,-0.021249,0.058112,0.009066,0.035075,,0.031228,,0.007466,8.2077,0.028525,-1.296731,,39.1,-0.048799,-0.002735,-0.028223,0.111433,0.078339,-0.001428,0.016254,0.48379,0.450542,0.900749,0.900749,-3.136812,0.030513,0.04505,0.001898,-0.004445,-1.332653,-0.230616,0.492762,-2.016237,2.884048,2022-12-31,2022-12-31,3839.5,66.9228,172.75,-0.18188620006322725,0.0011833333333333333,0.009975,0.020216666666666668,0.009300000000000001,-0.006291583333333333,0.0014513922854884778,-0.13576478675656936,-0.08043820893827786,0.09171960372092924,0.09317099600641772,-0.20075358778651384,0.0014513922854884778,-0.13576478675656936,22.22575976845152,-0.08043820893827786,0.23616875386068048
2023,4769.83,70.3,192.43,0.266388,0.245857,0.0474,0.0564,0.0402,0.0405,0.0852,0.0524,0.049439,0.014739,0.015391,0.040343,0.365347,0.194424,-0.0122,0.009,0.044654,0.033521,0.044939,-0.017441,0.017142,-0.002251,0.035341,,0.029115,,,5.96,0.031671,-1.739012,,33.9,-0.046715,-0.0492,-0.033998,0.123408,,0.022876,-0.000504,0.508539,0.341286,0.999455,0.999455,-3.249746,0.047711,,0.006215,-0.004458,0.792587,-0.231972,0.239503,-2.094452,3.351642,2023-12-31,2023-12-31,4769.83,70.3037,192.43,0.2663875962668125,0.004025,0.010508333333333333,0.05068333333333333,-0.011108333333333333,-0.018898916666666668,0.0012274522690734564,0.10788698858468845,0.10908152647900335,0.0686616201517704,0.06988907242084386,0.23616875386068048,0.0012274522690734564,0.10788698858468845,24.787351244608427,0.10908152647900335,0.22808571866152869
2024,5881.63,74.83,210.17,0.256193,0.239193,0.052,0.058,0.0439,0.0058,0.0213,0.0427,0.052523,0.012723,0.012405,0.035733,0.356056,0.183056,0.0012,0.006,0.015476,0.028881,0.072922,-0.004614,0.016126,-0.006592,0.034675,,0.037742,,,,0.03211,-2.014421,,0.0,-0.047211,0.061236,-0.044052,0.148584,,-0.033976,-0.077636,0.541364,,0.945132,0.945132,-3.374636,0.029925,,0.005974,-0.002729,1.055849,-0.232362,0.195351,-2.135697,2.824905,2024-12-31,2024-12-31,5881.63,74.8323,210.17,0.2561934049198727,0.004275,0.007091666666666666,0.049666666666666665,-0.007583333333333333,-0.010774083333333332,0.0010596603295750418,0.08818427580685308,0.12133899372004531,0.06390178184977974,0.06496144217935478,0.22808571866152869,0.0010596603295750418,0.08818427580685308,27.985107294095258,0.12133899372004531,
