date,forecast_target_date,ret_A_SOP_Markowitz_net,ret_B_SOP_VolManaged_net,ret_C_VIX_Markowitz_net,ret_D_VIX_VolManaged_net,ret_HM_Markowitz_net,ret_BuyHold_net,w_A_SOP_Markowitz,w_B_SOP_VolManaged,w_C_VIX_Markowitz,w_D_VIX_VolManaged,w_HM_Markowitz,w_BuyHold
2010-01-31,2010-02-28,0.03860555722059356,0.045635999999999996,0.045635999999999996,0.045635999999999996,0.045635999999999996,0.030424,1.2689178681499331,1.5,1.5,1.5,1.5,1.0
2010-02-28,2010-03-31,0.080226831489547,0.08615127425981042,0.09045561224166362,0.091471,0.091471,0.061014,1.316582870827113,1.4147671076971582,1.4837314102871733,1.5,1.5,1.0
2010-03-31,2010-04-30,0.02112261939495083,0.023787650661545735,0.019446967293843983,0.0239155,0.0239155,0.015977,1.3248761973089072,1.5,1.2414435408456432,1.5,1.5,1.0
2010-04-30,2010-05-31,-0.10903870555331492,-0.1202165,-0.12060433468873154,-0.1202165,-0.1202165,-0.080111,1.359988494196354,1.5,1.5,1.5,1.5,1.0
2010-05-31,2010-06-30,-0.07317152496460333,-0.024563362625428242,-0.0803375,-0.026758522369881597,-0.0803375,-0.053525,1.3661951511273986,0.42999256835353933,1.5,0.47210594474592993,1.5,1.0
2010-06-30,2010-07-31,0.09847247956783045,0.04473663213979854,0.10562650000000001,0.04797544123981221,0.10562650000000001,0.070451,1.3990092640795246,0.6389397871820051,1.5,0.6850631410247247,1.5,1.0
2010-07-31,2010-08-31,-0.06138021947887435,-0.04732069297701177,-0.068201,-0.05268507500365108,-0.068201,-0.045434,1.348542162482515,1.0285985171957472,1.5,1.1441227562016447,1.5,1.0
2010-08-31,2010-09-30,0.1230129534162429,0.11580899473276668,0.13552450000000002,0.1275833712473223,0.13552450000000002,0.090383,1.3616361259759089,1.285900419640844,1.5,1.4165683420589508,1.5,1.0
2010-09-30,2010-10-31,0.04932160634442728,0.05387249618407816,0.05803899999999999,0.05791385251308842,0.05720386024531388,0.038726,1.2775771453269988,1.3964242190006169,1.5,1.5,1.4791870668721998,1.0
2010-10-31,2010-11-30,-0.00011085922715520295,-0.0002818636714990747,-0.00019565438131001277,-0.0001265,-0.0001240889889520562,-5.1e-05,1.2884463628986682,1.5,1.4487365594440231,1.5,1.4786446340668966,1.0
2010-11-30,2010-12-31,0.08879366580301301,0.10053250000000001,0.10045560483916605,0.10053250000000001,0.09971506104008433,0.067055,1.3255060157156062,1.5,1.5,1.5,1.488000826353739,1.0
2010-12-31,2011-01-31,0.030213832272575902,0.0349735,0.024893210214093044,0.0349735,0.033978811474031964,0.023349,1.2971066021313713,1.5,1.0926991076040666,1.5,1.4590816886970208,1.0
2011-01-31,2011-02-28,0.042589662757407935,0.048712,0.04200614092611407,0.048712,0.04746540677117889,0.032508,1.3117640369551853,1.5,1.302804848735213,1.5,1.461653430766577,1.0
2011-02-28,2011-03-31,0.0007804535223400321,0.0008874999999999999,0.0005670579020730436,0.0008874999999999999,0.0008670635437106383,0.000625,1.3201974698387138,1.5,1.1956865062596855,1.5,1.4615030567212364,1.0
2011-03-31,2011-04-30,0.0396133802495199,0.04301932561040105,0.033575984906100725,0.03617119906951331,0.04314354240666308,0.029441,1.3468767776658614,1.4630854080476086,1.1431277161530091,1.2417568620766397,1.4656342944626615,1.0
2011-04-30,2011-05-31,-0.015556638843914287,-0.017024871887928585,-0.010165595725447037,-0.01735686470688504,-0.016641437615676803,-0.011313,1.3718062912989213,1.5,0.8611947570791321,1.5,1.4703729850441578,1.0
2011-05-31,2011-06-30,-0.023532801071317444,-0.0248175,-0.01607253790285914,-0.0248175,-0.024459334660425207,-0.016545,1.418149654101736,1.5,0.9622793038779628,1.5,1.4776887857019363,1.0
2011-06-30,2011-07-31,-0.028845123273401527,-0.029741999999999998,-0.021840265339671386,-0.024455614119200216,-0.029142813729843314,-0.019828,1.4521918489569643,1.5,1.0916956252573298,1.211567771671771,1.4691335962074648,1.0
2011-07-31,2011-08-31,-0.08097862084049591,-0.0815345,-0.082146956562114,-0.08196714834249234,-0.07930656683039475,-0.054323,1.4887775801357466,1.5,1.5,1.5,1.4587772128579928,1.0
2011-08-31,2011-09-30,-0.10537383362979637,-0.02802675,-0.10535699999999999,-0.02802675,-0.10009692497452646,-0.070238,1.5,0.375,1.5,0.375,1.4243760242549897,1.0
2011-09-30,2011-10-31,0.163521,0.06026747524277382,0.163521,0.06026747524277382,0.14951984948714597,0.109014,1.5,0.5553227974289285,1.5,0.5553227974289285,1.3722823671528355,1.0
2011-10-31,2011-11-30,-0.004017732512353189,-0.0014453011357907998,-0.0040904999999999995,-0.0014705067395970068,-0.0036567441086375824,-0.002727,1.4406947940938788,0.4990358106335836,1.5,0.5195782750233204,1.3026247415715806,1.0
2011-11-30,2011-12-31,0.013865732462212559,0.004644211745093175,0.0141405,0.004699007173165777,0.012292936906692004,0.009427,1.4765598929067416,0.49352662771515976,1.5,0.5013612689393939,1.3042764973299652,1.0
2011-12-31,2012-01-31,0.06777233983936012,0.061627634155575976,0.0678075,0.06163938611741233,0.05900153957285888,0.045205,1.5,1.393143672669105,1.5,1.393143672669105,1.3052310908789366,1.0
2012-01-31,2012-02-29,0.06415883080677791,0.06485121550900366,0.06010668332024607,0.06485121550900366,0.056141435014218706,0.043341,1.4809846079877325,1.5,1.3906175892653168,1.5,1.295673193071901,1.0
2012-02-29,2012-03-31,0.04779965468943555,0.049298999999999996,0.042275436342259845,0.049298999999999996,0.042186603397495394,0.032866,1.4555412792125106,1.5,1.2908503383040744,1.5,1.2841213172060537,1.0
2012-03-31,2012-04-30,-0.00873871220629457,-0.009051,-0.0065556978517236466,-0.009051,-0.007745707560674508,-0.006034,1.445831558772784,1.5,1.0188403935305546,1.5,1.2835301245843465,1.0
2012-04-30,2012-05-31,-0.08676886974330446,-0.089735,-0.07054349533327109,-0.089735,-0.07735536747296086,-0.05979,1.450360271729331,1.5,1.1756272344610998,1.5,1.2930552640468702,1.0
2012-05-31,2012-06-30,0.059483354344364955,0.0621975,0.061710940851691654,0.0621975,0.05223177816702151,0.041465,1.4350958862320249,1.5,1.5,1.5,1.2608253476804796,1.0
2012-06-30,2012-07-31,0.020111462065758697,0.014351839890813265,0.015375303210376265,0.010892789712925996,0.018049885263852674,0.014363,1.4035242952220093,1.0465763027682824,1.111095203327004,0.8285185471175689,1.2570839869743045,1.0
2012-07-31,2012-08-31,0.03163671555231548,0.033385864454152425,0.029012856600542754,0.03305877782067635,0.02870364069611591,0.022744,1.393389744663208,1.5,1.2886026199182865,1.5,1.2636215813306118,1.0
2012-08-31,2012-09-30,0.03442709110645149,0.03763,0.02850188151342244,0.03763,0.031730245824785834,0.02512,1.3731966713215047,1.5,1.1438456049509755,1.5,1.2642352658499112,1.0
2012-09-30,2012-10-31,-0.02427896735916615,-0.0268055,-0.01770170454724891,-0.0268055,-0.022700833639737253,-0.017837,1.3578616750127088,1.5,0.9786418531254153,1.5,1.2706274907913837,1.0
2012-10-31,2012-11-30,0.00718194754953807,0.007939,0.006194832775090829,0.007939,0.00671338759372945,0.005326,1.3557448798776588,1.5,1.2417793868498943,1.5,1.2666263499727215,1.0
2012-11-30,2012-12-31,0.011550572302859,0.012712,0.007969974447191054,0.01093531607909701,0.010851440318488344,0.008508,1.3631955678984529,1.5,0.982301526793086,1.3206818812168966,1.2813405896828693,1.0
2012-12-31,2013-01-31,0.07102698906282087,0.0785415,0.062083715992059536,0.07827252282182534,0.0672589326271292,0.052361,1.3566733334818988,1.5,1.191684467506929,1.5,1.2846173245237982,1.0
2013-01-31,2013-02-28,0.017604359510216883,0.019519500000000002,0.01045800994907704,0.019519500000000002,0.016959197177402838,0.013013,1.3532260394432394,1.5,0.8437632915549806,1.5,1.3056780327123374,1.0
2013-02-28,2013-03-31,0.050831520286341574,0.056375999999999996,0.0361905443369494,0.056375999999999996,0.04929977696468993,0.037584,1.3525063797335595,1.5,0.9678777131032293,1.5,1.3119737256296813,1.0
2013-03-31,2013-04-30,0.0261306333247076,0.0294315,0.013188727065990571,0.0294315,0.025727377025302627,0.019621,1.3332414608355636,1.5,0.6931747377323714,1.5,1.3112701867216112,1.0
2013-04-30,2013-05-31,0.031476589604986026,0.03468,0.01846411200783333,0.027857427595535767,0.030718825672792473,0.02312,1.3634008979524828,1.5,0.8059366281792216,1.2228849551395518,1.329876058867255,1.0
2013-05-31,2013-06-30,-0.018744650669031027,-0.0204015,-0.01547823250292649,-0.02081717256729067,-0.018139489448968857,-0.013601,1.3767135961830177,1.5,1.1050352589361845,1.5,1.3333092866213985,1.0
2013-06-30,2013-07-31,0.0739753056463702,0.076008,0.06158961640289002,0.0699516872745395,0.07032566739624789,0.050672,1.4624224203224532,1.5,1.2188250124966595,1.3839164163639406,1.3895245966467864,1.0
2013-07-31,2013-08-31,-0.041924139939871055,-0.0438105,-0.025729096429900084,-0.04398462537545409,-0.040444124902262006,-0.029207,1.433951936672587,1.5,0.8626288992368388,1.5,1.384481827960148,1.0
2013-08-31,2013-09-30,0.04531297400879171,0.047490000000000004,0.03758466430714854,0.047490000000000004,0.04326377326839455,0.03166,1.4313601300904881,1.5,1.2032732413227216,1.5,1.3673249701548482,1.0
2013-09-30,2013-10-31,0.06922571551792324,0.06940199999999999,0.05666419615747959,0.06940199999999999,0.06675760560562115,0.046268,1.4983621185397495,1.5,1.2254129354783665,1.5,1.4453765669761633,1.0
2013-10-31,2013-11-30,0.046223043177809627,0.0462255,0.03457523730954797,0.0462255,0.046143564850464246,0.030817,1.5,1.5,1.126755475841369,1.5,1.5,1.0
2013-11-30,2013-12-31,0.038925,0.038925,0.0305647949317819,0.038925,0.038925,0.02595,1.5,1.5,1.1809677594282146,1.5,1.5,1.0
2013-12-31,2014-01-31,-0.051999000000000004,-0.051999000000000004,-0.04085316594760271,-0.051999000000000004,-0.051999000000000004,-0.034666,1.5,1.5,1.1783668307441473,1.5,1.5,1.0
2014-01-31,2014-02-28,0.0686355,0.0686355,0.06815305024611622,0.0686355,0.0686355,0.045757,1.5,1.5,1.5,1.5,1.5,1.0
2014-02-28,2014-03-31,0.012084000000000001,0.012084000000000001,0.01165358442144677,0.012084000000000001,0.012084000000000001,0.008056,1.5,1.5,1.4549586041698168,1.5,1.5,1.0
2014-03-31,2014-04-30,0.009832500000000001,0.009832500000000001,0.009764937906254725,0.009832500000000001,0.009832500000000001,0.006555,1.5,1.5,1.5,1.5,1.5,1.0
2014-04-30,2014-05-31,0.0349635,0.0349635,0.03453195411683618,0.0349635,0.0349635,0.023309,1.5,1.5,1.4826052689280578,1.5,1.5,1.0
2014-05-31,2014-06-30,0.0309525,0.0309525,0.021892030094160325,0.0309525,0.0309525,0.020635,1.5,1.5,1.0894934717665423,1.5,1.5,1.0
2014-06-30,2014-07-31,-0.020961,-0.020961,-0.015458840129086994,-0.020961,-0.020961,-0.013974,1.5,1.5,1.104632308177382,1.5,1.5,1.0
2014-07-31,2014-08-31,0.059665499999999996,0.059665499999999996,0.05907244846226607,0.059665499999999996,0.059665499999999996,0.039777,1.5,1.5,1.5,1.5,1.5,1.0
2014-08-31,2014-09-30,-0.020892,-0.020892,-0.016846606356198533,-0.020892,-0.020892,-0.013928,1.5,1.5,1.174493591583403,1.5,1.5,1.0
2014-09-30,2014-10-31,0.035958000000000004,0.035958000000000004,0.03546974038737511,0.035958000000000004,0.035958000000000004,0.023972,1.5,1.5,1.5,1.5,1.5,1.0
2014-10-31,2014-11-30,0.0414465,0.03539517922107719,0.0414465,0.03539517922107719,0.0414465,0.027631,1.5,1.292272123204737,1.5,1.292272123204737,1.5,1.0
2014-11-30,2014-12-31,-0.0037095,-0.004021091815192895,-0.0035987895673267956,-0.004021091815192895,-0.0037095,-0.002473,1.5,1.5,1.3862174381570356,1.5,1.5,1.0
2014-12-31,2015-01-31,-0.044145000000000004,-0.044145000000000004,-0.04431567384276445,-0.044145000000000004,-0.044145000000000004,-0.02943,1.5,1.5,1.5,1.5,1.5,1.0
2015-01-31,2015-02-28,0.085464,0.085464,0.085464,0.085464,0.085464,0.056976,1.5,1.5,1.5,1.5,1.5,1.0
2015-02-28,2015-03-31,-0.0224895,-0.0224895,-0.01931844540496652,-0.0224895,-0.0224895,-0.014993,1.5,1.5,1.2649852075125263,1.5,1.5,1.0
2015-03-31,2015-04-30,0.0136515,0.0136515,0.01329897781126879,0.0136515,0.0136515,0.009101,1.5,1.5,1.5,1.5,1.5,1.0
2015-04-30,2015-05-31,0.018783,0.018783,0.018623235934652618,0.018783,0.018783,0.012522,1.5,1.5,1.4886061856120822,1.5,1.5,1.0
2015-05-31,2015-06-30,-0.0290145,-0.0290145,-0.028526426284462326,-0.0290145,-0.0290145,-0.019343,1.5,1.5,1.4736040467434963,1.5,1.5,1.0
2015-06-30,2015-07-31,0.0319455,0.0319455,0.031905906070115245,0.0319455,0.0319455,0.021297,1.5,1.5,1.5,1.5,1.5,1.0
2015-07-31,2015-08-31,-0.09010950000000001,-0.09010950000000001,-0.06765002227617203,-0.09010950000000001,-0.09010950000000001,-0.060073,1.5,1.5,1.1165557898036984,1.5,1.5,1.0
2015-08-31,2015-09-30,-0.0368205,-0.01721210468005805,-0.03739566631529445,-0.01721210468005805,-0.0368205,-0.024547,1.5,0.649199665034844,1.5,0.649199665034844,1.5,1.0
2015-09-30,2015-10-31,0.1251735,0.07775333127140169,0.1251735,0.07775333127140169,0.1251735,0.083449,1.5,0.9369184709252025,1.5,0.9369184709252025,1.5,1.0
2015-10-31,2015-11-30,0.0050595,0.004214877706387804,0.0050595,0.004214877706387804,0.0050595,0.003373,1.5,1.5,1.5,1.5,1.5,1.0
2015-11-30,2015-12-31,-0.022920500000000003,-0.022920500000000003,-0.022920500000000003,-0.022920500000000003,-0.022920500000000003,-0.015247,1.5,1.5,1.5,1.5,1.5,1.0
2015-12-31,2016-01-31,-0.07369999999999999,-0.0659415767325831,-0.07369999999999999,-0.0659415767325831,-0.07369999999999999,-0.0491,1.5,1.3373496170352852,1.5,1.3373496170352852,1.5,1.0
2016-01-31,2016-02-29,-0.0027129999999999997,-0.0021962394296869926,-0.0027129999999999997,-0.0021962394296869926,-0.0027129999999999997,-0.001742,1.5,0.8828393758689246,1.5,0.8828393758689246,1.5,1.0
2016-02-29,2016-03-31,0.10090999999999999,0.09731425130392458,0.10090999999999999,0.09731425130392458,0.10090999999999999,0.06734,1.5,1.4593234649622366,1.5,1.4593234649622366,1.5,1.0
2016-03-31,2016-04-30,0.0055705,0.005509485197443355,0.00485166235033259,0.005509485197443355,0.0055705,0.003747,1.5,1.5,1.3603385176476763,1.5,1.5,1.0
2016-04-30,2016-05-31,0.027680499999999997,0.027680499999999997,0.02747100777647151,0.027680499999999997,0.027680499999999997,0.018487,1.5,1.5,1.5,1.5,1.5,1.0
2016-05-31,2016-06-30,0.003912499999999999,0.003912499999999999,0.0036423684036603816,0.003912499999999999,0.003912499999999999,0.002675,1.5,1.5,1.432042365700725,1.5,1.5,1.0
2016-06-30,2016-07-31,0.0547565,0.0481076481744354,0.05465456354855109,0.0481076481744354,0.0547565,0.036571,1.5,1.3244342154797972,1.5,1.3244342154797972,1.5,1.0
2016-07-31,2016-08-31,0.0017705000000000002,0.001507151323219696,0.00013041811966477547,0.001507151323219696,0.0017705000000000002,0.001247,1.5,1.5,0.8560730740733316,1.5,1.5,1.0
2016-08-31,2016-09-30,0.000569,0.000569,-0.0001672639597117393,0.000569,0.000569,0.000446,1.5,1.5,1.3168848252166958,1.5,1.5,1.0
2016-09-30,2016-10-31,-0.027016000000000002,-0.027016000000000002,-0.025624731572103158,-0.027016000000000002,-0.027016000000000002,-0.017944,1.5,1.5,1.4151933827086234,1.5,1.5,1.0
2016-10-31,2016-11-30,0.053667999999999993,0.053667999999999993,0.05354079007406293,0.053667999999999993,0.053667999999999993,0.035812,1.5,1.5,1.5,1.5,1.5,1.0
2016-11-30,2016-12-31,0.028655999999999997,0.028655999999999997,0.028458178440113863,0.028655999999999997,0.028655999999999997,0.019204,1.5,1.5,1.49030476573779,1.5,1.5,1.0
2016-12-31,2017-01-31,0.028876,0.028876,0.028861457148606683,0.028876,0.028876,0.019384,1.5,1.5,1.5,1.5,1.5,1.0
2017-01-31,2017-02-28,0.058988500000000006,0.058988500000000006,0.038488355608740026,0.058988500000000006,0.058988500000000006,0.039459,1.5,1.5,0.9945599154007749,1.5,1.5,1.0
2017-02-28,2017-03-31,0.0023475,0.0023475,0.001608827863772771,0.0023475,0.0023475,0.001665,1.5,1.5,1.3556445135436423,1.5,1.5,1.0
2017-03-31,2017-04-30,0.015636499999999998,0.015636499999999998,0.010591820296501686,0.015636499999999998,0.015636499999999998,0.010591,1.5,1.5,1.046094993254866,1.5,1.5,1.0
2017-04-30,2017-05-31,0.021528,0.021528,0.006501513842682779,0.021528,0.021528,0.014552,1.5,1.5,0.4834750409374241,1.5,1.5,1.0
2017-05-31,2017-06-30,0.008397,0.008397,0.002265645735008262,0.007913433185657593,0.008397,0.005798,1.5,1.5,0.35695107441242135,1.4278042976496854,1.5,1.0
2017-06-30,2017-07-31,0.030694,0.030694,0.013294278806693437,0.030585706446474528,0.030694,0.020696,1.5,1.5,0.6519708150451344,1.5,1.5,1.0
2017-07-31,2017-08-31,0.002907,0.002907,0.0007016421869144836,0.0017683936379287403,0.002907,0.002238,1.5,1.5,0.27469993286898703,1.0987997314759481,1.5,1.0
2017-08-31,2017-09-30,0.029625,0.029625,0.00952270699350352,0.02902319959721392,0.029625,0.02005,1.5,1.5,0.4651930364985859,1.5,1.5,1.0
2017-09-30,2017-10-31,0.035748,0.035748,0.0018645466409882433,0.005299344782944489,0.035748,0.024132,1.5,1.5,0.06721398171341267,0.2688559268536507,1.5,1.0
2017-10-31,2017-11-30,0.0466835,0.0466835,0.012732940557100838,0.04483678389028048,0.0466835,0.031389,1.5,1.5,0.4067558040678854,1.5,1.5,1.0
2017-11-30,2017-12-31,0.0162735,0.0162735,0.008618951219812869,0.0162735,0.0162735,0.011149,1.5,1.5,0.8125291477552911,1.5,1.5,1.0
2017-12-31,2018-01-31,0.08654,0.08654,0.04400125124604166,0.08654,0.08654,0.05806,1.5,1.5,0.7547048403639172,1.5,1.5,1.0
2018-01-31,2018-02-28,-0.0570415,-0.0570415,-0.05815944273945413,-0.0570415,-0.0570415,-0.037661,1.5,1.5,1.5,1.5,1.5,1.0
2018-02-28,2018-03-31,-0.038788500000000004,-0.018690606580027833,-0.038788500000000004,-0.018690606580027833,-0.038788500000000004,-0.025459,1.5,0.701164854725062,1.5,0.701164854725062,1.5,1.0
2018-03-31,2018-04-30,0.004955,0.003459292178273977,0.004955,0.003459292178273977,0.004955,0.00377,1.5,1.15809758182343,1.5,1.15809758182343,1.5,1.0
2018-04-30,2018-05-31,0.035,0.03448714637273515,0.035,0.03448714637273515,0.035,0.0238,1.5,1.5,1.5,1.5,1.5,1.0
2018-05-31,2018-06-30,0.00956,0.00956,0.00956,0.00956,0.00956,0.00684,1.5,1.5,1.5,1.5,1.5,1.0
2018-06-30,2018-07-31,0.054916,0.054916,0.054916,0.054916,0.054916,0.037144,1.5,1.5,1.5,1.5,1.5,1.0
2018-07-31,2018-08-31,0.048607000000000004,0.048607000000000004,0.04288428889079502,0.048607000000000004,0.048607000000000004,0.032938,1.5,1.5,1.3257289996587802,1.5,1.5,1.0
2018-08-31,2018-09-30,0.0069570000000000005,0.0069570000000000005,0.00651569199080535,0.0069570000000000005,0.0069570000000000005,0.005138,1.5,1.5,1.4158552344795035,1.5,1.5,1.0
2018-09-30,2018-10-31,-0.1035635,-0.1035635,-0.07749289435191646,-0.1035635,-0.1035635,-0.068409,1.5,1.5,1.122950653260434,1.5,1.5,1.0
2018-10-31,2018-11-30,0.028727999999999997,0.015497082450106954,0.02816242597989065,0.015497082450106954,0.028727999999999997,0.019752,1.5,0.8198171113565164,1.5,0.8198171113565164,1.5,1.0
2018-11-30,2018-12-31,-0.136919,-0.12125214928380626,-0.136919,-0.12125214928380626,-0.136919,-0.090646,1.5,1.3225642233677246,1.5,1.3225642233677246,1.5,1.0
2018-12-31,2019-01-31,0.12106349999999999,0.044814513896146733,0.12106349999999999,0.044814513896146733,0.12106349999999999,0.081409,1.5,0.5531359159400354,1.5,0.5531359159400354,1.5,1.0
2019-01-31,2019-02-28,0.046662,0.03808475122315567,0.046662,0.03808475122315567,0.046662,0.031708,1.5,1.2480655924121944,1.5,1.2480655924121944,1.5,1.0
2019-02-28,2019-03-31,0.0283465,0.02796859838861829,0.027769160622623173,0.02796859838861829,0.0283465,0.019531,1.5,1.5,1.4698217878115714,1.5,1.5,1.0
2019-03-31,2019-04-30,0.059893499999999995,0.059893499999999995,0.04592797710866266,0.059893499999999995,0.059893499999999995,0.040629,1.5,1.5,1.1499840063548932,1.5,1.5,1.0
2019-04-30,2019-05-31,-0.09583049999999999,-0.09583049999999999,-0.0607649434635957,-0.09583049999999999,-0.09583049999999999,-0.063187,1.5,1.5,0.9585020059583201,1.5,1.5,1.0
2019-05-31,2019-06-30,0.1034415,0.1034415,0.10262925300893748,0.1034415,0.1034415,0.069561,1.5,1.5,1.5,1.5,1.5,1.0
2019-06-30,2019-07-31,0.0209545,0.0209545,0.018851948600035903,0.0209545,0.0209545,0.014603,1.5,1.5,1.3519642751556644,1.5,1.5,1.0
2019-07-31,2019-08-31,-0.024927499999999995,-0.024927499999999995,-0.025149553587266497,-0.024927499999999995,-0.024927499999999995,-0.016085,1.5,1.5,1.5,1.5,1.5,1.0
2019-08-31,2019-09-30,0.027286499999999995,0.015611827676229512,0.027286499999999995,0.015611827676229512,0.027286499999999995,0.018791,1.5,0.8686294779205838,1.5,0.8686294779205838,1.5,1.0
2019-09-30,2019-10-31,0.0316815,0.030734444216880877,0.0316815,0.030734444216880877,0.0316815,0.021621,1.5,1.5,1.5,1.5,1.5,1.0
2019-10-31,2019-11-30,0.053709,0.053709,0.0321800019076865,0.053709,0.053709,0.036206,1.5,1.5,0.9102613791619598,1.5,1.5,1.0
2019-11-30,2019-12-31,0.0439805,0.0439805,0.022924187146526203,0.0439805,0.0439805,0.029787,1.5,1.5,0.7658707536811704,1.5,1.5,1.0
2019-12-31,2020-01-31,-0.000488,-0.000488,-0.0003882724535079006,-0.000488,-0.000488,0.000108,1.5,1.5,1.0538924903527698,1.5,1.5,1.0
2020-01-31,2020-02-29,-0.123408,-0.123408,-0.12407716126447085,-0.123408,-0.123408,-0.081872,1.5,1.5,1.5,1.5,1.5,1.0
2020-02-29,2020-03-31,-0.18359549999999997,-0.09645630989089263,-0.18359549999999997,-0.09645630989089263,-0.18359549999999997,-0.121997,1.5,0.7839659966218775,1.5,0.7839659966218775,1.5,1.0
2020-03-31,2020-04-30,0.193335,0.04772030100506718,0.193335,0.04772030100506718,0.193335,0.12889,1.5,0.375,1.5,0.375,1.5,1.0
2020-04-30,2020-05-31,0.06377346000695663,0.016018365001739157,0.071677,0.01799425,0.071677,0.047818,1.339417692855391,0.33485442321384773,1.5,0.375,1.5,1.0
2020-05-31,2020-06-30,0.024937268325481717,0.015086890521172742,0.030472,0.018263258443389368,0.030472,0.020348,1.2344305161286004,0.7725948840597381,1.5,0.9388072564214511,1.5,1.0
2020-06-30,2020-07-31,0.06563436539299511,0.02279050058815041,0.085315,0.029647578234099983,0.085315,0.05691,1.1556510232753905,0.40901033980860935,1.5,0.5308830238163635,1.5,1.0
2020-07-31,2020-08-31,0.07909082602023015,0.10641551550971291,0.108052,0.10659832453572454,0.108052,0.072068,1.0987682059555623,1.5,1.5,1.5,1.5,1.0
2020-08-31,2020-09-30,-0.04100791172165815,-0.0572765,-0.0572765,-0.0572765,-0.0572765,-0.038151,1.0737057335235725,1.5,1.5,1.5,1.5,1.0
2020-09-30,2020-10-31,-0.027944936865566428,-0.015893397581837224,-0.0396635,-0.021653501841894705,-0.0396635,-0.026409,1.0569946125507246,0.5495380695684444,1.5,0.7798593243190335,1.5,1.0
2020-10-31,2020-11-30,0.1223324928097453,0.08502007050038876,0.164056,0.1139853095986694,0.164056,0.109404,1.1191328790297133,0.7800801769510973,1.5,1.0455597251696678,1.5,1.0
2020-11-30,2020-12-31,0.04134953676220555,0.04216005030447237,0.062307999999999995,0.0616263395877545,0.062307999999999995,0.041572,0.9989815712731575,1.0229643260043462,1.5,1.5,1.5,1.0
2020-12-31,2021-01-31,-0.010012155744245193,-0.015793553510993482,-0.015078000000000001,-0.015078000000000001,-0.015078000000000001,-0.010052,0.9955195728876822,1.5,1.5,1.5,1.5,1.0
2021-01-31,2021-02-28,0.030802183483791396,0.038107652512669246,0.039155999999999996,0.039155999999999996,0.039155999999999996,0.026104,1.1912251716980928,1.462021899459109,1.5,1.5,1.5,1.0
2021-02-28,2021-03-31,0.05782709798366027,0.06491403284918866,0.064971,0.064971,0.064971,0.043314,1.3402272020403008,1.5,1.5,1.5,1.5,1.0
2021-03-31,2021-04-30,0.08031511179298946,0.080856,0.080856,0.080856,0.080856,0.053904,1.494251793564022,1.5,1.5,1.5,1.5,1.0
2021-04-30,2021-05-31,0.009303377690346034,0.009312,0.009312,0.009312,0.009312,0.006208,1.5,1.5,1.5,1.5,1.5,1.0
2021-05-31,2021-06-30,0.035523,0.035523,0.035523,0.035523,0.035523,0.023682,1.5,1.5,1.5,1.5,1.5,1.0
2021-06-30,2021-07-31,0.036457500000000004,0.036457500000000004,0.036457500000000004,0.036457500000000004,0.036457500000000004,0.024305,1.5,1.5,1.5,1.5,1.5,1.0
2021-07-31,2021-08-31,0.045899999999999996,0.045899999999999996,0.045899999999999996,0.045899999999999996,0.045899999999999996,0.0306,1.5,1.5,1.5,1.5,1.5,1.0
2021-08-31,2021-09-30,-0.0691155,-0.0691155,-0.0691155,-0.0691155,-0.0691155,-0.046077,1.5,1.5,1.5,1.5,1.5,1.0
2021-09-30,2021-10-31,0.105765,0.105765,0.105765,0.105765,0.105765,0.07051,1.5,1.5,1.5,1.5,1.5,1.0
2021-10-31,2021-11-30,-0.010934000000000001,-0.010934000000000001,-0.010934000000000001,-0.010934000000000001,-0.010934000000000001,-0.007256,1.5,1.5,1.5,1.5,1.5,1.0
2021-11-30,2021-12-31,0.06522750000000001,0.06522750000000001,0.06522750000000001,0.06522750000000001,0.06522750000000001,0.043485,1.5,1.5,1.5,1.5,1.5,1.0
2021-12-31,2022-01-31,-0.0783645,-0.0783645,-0.0783645,-0.0783645,-0.0783645,-0.052243,1.5,1.5,1.5,1.5,1.5,1.0
2022-01-31,2022-02-28,-0.0439395,-0.040381152310054395,-0.0439395,-0.040381152310054395,-0.0439395,-0.029293,1.5,1.3719696437971574,1.5,1.3719696437971574,1.5,1.0
2022-02-28,2022-03-31,0.0568375,0.03885522845608754,0.0568375,0.03885522845608754,0.0568375,0.037925,1.5,1.03784317665056,1.5,1.03784317665056,1.5,1.0
2022-03-31,2022-04-30,-0.131414,-0.07075200905363101,-0.131414,-0.07075200905363101,-0.131414,-0.087576,1.5,0.8041130278575841,1.5,0.8041130278575841,1.5,1.0
2022-04-30,2022-05-31,0.000411,0.0003139598143728917,0.000411,0.0003139598143728917,0.000411,0.000374,1.5,0.7751774816767902,1.5,0.7751774816767902,1.5,1.0
2022-05-31,2022-06-30,-0.1228245,-0.04037188501648953,-0.1228245,-0.04037188501648953,-0.1228245,-0.081683,1.5,0.49279079501843626,1.5,0.49279079501843626,1.5,1.0
2022-06-30,2022-07-31,0.14024899999999998,0.050152165201273996,0.14024899999999998,0.050152165201273996,0.1313001950819895,0.093766,1.5,0.5314868804664722,1.5,0.5314868804664722,1.4052695687547847,1.0
2022-07-31,2022-08-31,-0.06112552353379736,-0.049552194703117884,-0.061392499999999996,-0.049781717478783016,-0.05035620865089845,-0.040295,1.4934395757168537,1.195775833020199,1.5,1.2010286714608702,1.2322964565122565,1.0
2022-08-31,2022-09-30,-0.1268385104765853,-0.09632815852485174,-0.13819250000000002,-0.10498411308900896,-0.10449894199896692,-0.091495,1.3765531434029052,1.0493987134808362,1.5,1.1435069381556957,1.1377169303465753,1.0
2022-09-30,2022-10-31,0.09598725529432263,0.050300303146726684,0.11922200000000001,0.06228449831075654,0.07788715300526913,0.080248,1.205217060334143,0.6239855152671929,1.5,0.7766055623551265,0.9728845081158619,1.0
2022-10-31,2022-11-30,0.05733309750546436,0.024073947703532043,0.0797975,0.03285025246621671,0.04723017278174504,0.054165,1.0658755443184984,0.4190263617252503,1.5,0.5896931831659129,0.8678006167709436,1.0
2022-11-30,2022-12-31,-0.05788494164751708,-0.021369698680918512,-0.07684562019983342,-0.029013012371577062,-0.04669082852637794,-0.058784,0.9835291220625797,0.39682356956177595,1.2857457447483398,0.5187586259875246,0.8036631388026793,1.0
2022-12-31,2023-01-31,0.06139488532498871,0.05762011893189554,0.08581658076029756,0.0804484888676761,0.049102351280080815,0.06381,0.9605270831270437,0.9101323512591883,1.366909745675481,1.295193860375698,0.757285972953969,1.0
2023-01-31,2023-02-28,-0.021139655413273898,-0.024058327018240854,-0.02601394523340124,-0.02917569322237454,-0.016608833764009526,-0.024265,0.8828153941747883,0.9882916353550364,1.0458085463362514,1.1707587399889545,0.7213034513502226,1.0
2023-02-28,2023-03-31,0.032742696697322236,0.04608438865112172,0.04287272219901301,0.05392463810998343,0.02746782206928092,0.037479,0.8611583082784822,1.2663130794060709,1.164458734967375,1.5,0.7052143148847129,1.0
2023-03-31,2023-04-30,0.01303972016014479,0.011194108362825495,0.013619808042944763,0.0117603265054596,0.011626151916487708,0.015015,0.8322287839079917,0.7371170174363888,0.911755370372326,0.8075548601966652,0.7057743828418012,1.0
2023-04-30,2023-05-31,0.00482474927243403,0.005014675526154585,0.0038537124588103005,0.005070301560731921,0.004701583206633417,0.005306,0.7713950244217148,1.5,0.5057222440326855,1.2571323807617618,0.6738130944778907,1.0
2023-05-31,2023-06-30,0.049038801017451915,0.08804037231828266,0.048005978371868645,0.0866685026201414,0.04438852828139242,0.066952,0.7167487983939133,1.3388315695134778,0.703758950169557,1.3145675331803484,0.6423268156629625,1.0
2023-06-30,2023-07-31,0.02251939752171856,0.04505824735427021,0.00824444592851019,0.013542987714595976,0.0217957300001986,0.0317,0.6653143107773322,1.5,0.1672503259151403,0.3837923001521428,0.6362097638917438,1.0
2023-07-31,2023-08-31,-0.008004108782257368,-0.025386,0.0016016856544221064,-0.007238408394333627,-0.008020544975665867,-0.015424,0.6245189598399571,1.5,0.14369511814509242,0.5747804725803697,0.6277806301469958,1.0
2023-08-31,2023-09-30,-0.02681813402102718,-0.05561204355374655,-0.001013956446372782,-0.00630278544105023,-0.02769489052115648,-0.047566,0.5992406699215194,1.1448604922715035,0.10122729160852845,0.19339663130245952,0.6165512364677757,1.0
2023-09-30,2023-10-31,-0.010167991324118891,-0.032765380864973354,-0.009218625576247863,-0.030130242860022936,-0.010628417623594065,-0.02104,0.5762842540939196,1.4384240676718285,0.5165369498406995,1.2892928710343843,0.5942075399708087,1.0
2023-10-31,2023-11-30,0.05162651788227329,0.07540806141012914,0.051282521522977985,0.07509309488640194,0.05665256193902974,0.090804,0.5470848228000339,0.8323363841422107,0.5430570538280521,0.8262085251291581,0.6049332261032876,1.0
2023-11-30,2023-12-31,0.023791701587387817,0.04149117054464366,0.003485414419257922,0.003060687212306263,0.029203893262491926,0.045506,0.4756317337514136,0.90522001633079,0.0,0.0,0.6043950054242228,1.0
2023-12-31,2024-01-31,0.009748047534276815,0.020119697280326507,0.0047,0.0047,0.011853224045590862,0.015831,0.45613927122982617,1.4600630522095652,0.0,0.0,0.6485963594075929,1.0
2024-01-31,2024-02-29,0.02622083155010661,0.06109363581034631,0.005777523952819064,0.008305079666637632,0.036939081304611585,0.053031,0.4511144316018229,1.1739033674804924,0.03332961384333869,0.08673131069780128,0.671149706651036,1.0
2024-02-29,2024-03-31,0.015887567452934095,0.027452722282094916,0.004250005579234992,0.0041699030339532985,0.022990535136153328,0.032211,0.41699497128070556,0.8470836535077235,0.0,0.0,0.6697242424987211,1.0
2024-03-31,2024-04-30,-0.012837682960653445,-0.0529871293033223,0.0047,0.0047,-0.025208126509788632,-0.0398,0.39330675590075315,1.2816903213822584,0.0,0.0,0.6720154972507981,1.0
2024-04-30,2024-05-31,0.021720027572892747,0.03176514838780542,0.011047682449700036,0.015270762461821517,0.03395566056342745,0.049431,0.3849044230028127,0.6294230485026929,0.15271145734534092,0.24972462065703785,0.6568456256969255,1.0
2024-05-31,2024-06-30,0.016382124582391296,0.04112361043404507,0.003870932813981989,0.003725413069014444,0.02655441712513514,0.037199,0.3716720488134198,1.1417916978793958,0.0,0.0,0.6794249402382907,1.0
2024-06-30,2024-07-31,0.007235889845186402,0.015066124539544656,0.0045,0.0045,0.009800260610961472,0.012148,0.36001289007504716,1.4400515603001887,0.0,0.0,0.6963440469427513,1.0
2024-07-31,2024-08-31,0.011876613331907636,0.013744234677035142,0.009249498823348476,0.011278072521269363,0.018488274445580034,0.024283,0.36348740459295253,0.5292051669201461,0.2474280611326518,0.3602331380342191,0.7030950550612194,1.0
2024-08-31,2024-09-30,0.011185941152530283,0.009434283551671238,0.0056903042595282715,0.005107586422197315,0.017734133700994085,0.022821,0.3833906844663041,0.30648547325680126,0.10144413912835239,0.08109522805219449,0.7320299704637294,1.0
2024-09-30,2024-10-31,-0.001579378669192907,-0.006149553213342528,-0.0012059376593030573,-0.005105323137064032,-0.006060074173421538,-0.00869,0.4296994106382089,0.7458680924930965,0.37317983449223463,0.6477619573557363,0.7848203782198107,1.0
2024-10-31,2024-11-30,0.03063047830822541,0.06736225790408362,0.07159220393646037,0.0873516429360336,0.049786743381724306,0.06042,0.47315967210976134,1.1333477014811357,1.220546871535361,1.5,0.8122635253895593,1.0
2024-11-30,2024-12-31,-0.009376617019406447,-0.02283168017945874,0.0012813350411718482,0.00026732635784909586,-0.01872297342165971,-0.023445,0.4812831742911883,0.9682846023488803,0.022922388439271232,0.04611712388968235,0.8253226988913964,1.0
